Description:,,,,,,,,,,,,,,,,,,,,,,
Source: https://doi.org/10.5061/dryad.9p8cz8wc6,,,,,,,,,,,,,,,,,,,,,,
"Citation: Acevedo, Miguel; Beaudrot, Lydia; Melendez-Ackerman, Elvia; Tremblay, Raymond (2020), Local extinction risk under climate change in a neotropical asymmetrically dispersed epiphyte, Dryad, Dataset, https://doi.org/10.5061/dryad.9p8cz8wc6",,,,,,,,,,,,,,,,,,,,,,
License: CC0 1.0 Universal (CC0 1.0) Public Domain Dedication,,,,,,,,,,,,,,,,,,,,,,
,,,,,,,,,,,,,,,,,,,,,,
UID,x.coord,y.coord,z.coord,Phorophyte,X70199,X20100,X80100,X10101,X60101,X10102,X60102,X120202,X61003,X12404,X71704,X12205,X91705,X72406,X20307,X61507,X10208,Total_Moss_area
1,59.60221531,-80.98892201,19.44291058,ROCKS,1,1,1,0,1,0,1,1,1,0,1,1,1,1,1,0,0,233
2,57.38897219,-81.14368705,19.3654337,ROCKS,0,0,0,0,1,1,0,1,1,1,0,,0,0,0,,0,140
3,55.14561109,-80.9111317,19.28725882,ROCKS,0,0,0,,0,,0,0,0,,,,0,0,,0,0,97
4,54.13863641,-79.37053621,18.94437973,ROCKS,0,0,0,0,0,0,0,0,0,0,0,0,0,0,0,0,0,86
6,1.015673534,-1.347844303,0.088447766,TREES,0,0,0,0,0,,0,0,0,0,0,0,0,0,0,0,0,30
7,-3.405918913,-2.254328551,0.214054061,TREES,0,0,0,,,,0,0,0,0,0,0,0,0,0,0,0,30
8,-2.56176565,-4.62154757,2.028362594,TREES,0,0,0,0,0,,0,0,0,0,0,0,0,0,0,0,0,48
9,6.383323327,-8.626566373,2.675656165,ROCKS,1,1,1,1,1,,1,1,1,1,1,1,1,1,,0,1,114
10,5.648891896,-9.140820797,2.597215997,ROCKS,0,0,0,0,0,,,0,0,0,0,0,0,0,0,0,0,104
11,4.795406306,-8.993165903,2.417539298,ROCKS,0,0,0,0,0,,0,0,0,0,0,0,0,0,0,0,0,19
12,4.169856994,-9.476236491,2.468225498,ROCKS,0,0,0,0,0,,0,0,0,0,0,0,0,0,0,0,0,66
13,3.285700355,-9.034376174,3.454644669,TREES,1,0,1,0,1,,1,1,0,1,1,1,0,1,1,0,0,41
14,1.197180782,-10.49677332,3.410141033,TREES,0,0,0,0,0,,0,0,0,0,0,0,0,0,0,0,0,40
15,4.778116682,-9.931110372,3.824727479,TREES,0,0,0,0,0,,0,0,0,0,0,0,0,0,0,0,0,61
16,0.85000684,-12.51290701,5.170342867,TREES,0,0,0,0,,,0,0,0,0,0,0,0,0,0,0,,79
17,10.89870049,-13.60872815,5.342482822,TREES,1,1,1,1,1,,1,1,1,1,1,1,1,1,1,1,1,48
18,8.969876197,-13.60872815,5.275126793,TREES,0,0,0,0,0,,0,0,0,0,0,0,0,0,0,0,0,69
19,8.676483657,-15.83094499,5.672792766,TREES,0,0,0,0,0,,0,0,0,0,0,0,0,0,0,0,0,15
20,8.960917022,-17.96106109,5.92745567,TREES,0,0,0,0,0,,0,0,0,0,0,0,0,0,0,0,0,37
21,9.203194015,-14.47263185,4.199098295,ROCKS,1,1,1,1,1,,1,1,1,1,1,1,1,1,1,0,1,196
22,9.145408595,-14.52111957,4.208360366,ROCKS,0,0,0,0,0,,0,0,0,0,0,0,0,0,0,0,0,36
23,7.84946486,-15.35175384,3.972246141,ROCKS,0,0,0,0,0,,0,0,0,0,0,0,0,0,0,0,0,32
24,7.34161608,-16.09087686,4.069828484,ROCKS,0,0,0,0,0,,0,0,0,0,0,0,0,0,0,0,0,97
25,11.31158315,-14.94005047,4.618878085,ROCKS,1,1,1,1,1,,1,1,1,1,1,1,1,1,1,1,1,23
26,10.60369531,-15.87944936,4.259260889,ROCKS,0,0,0,0,0,,0,0,0,0,0,0,0,0,0,0,0,11
27,9.889956693,-16.86126837,4.618878085,ROCKS,0,0,0,0,0,,0,0,0,0,0,0,0,0,0,0,0,38
28,9.017652212,-17.82391691,4.425758407,ROCKS,0,0,0,0,0,,0,0,0,0,0,0,0,0,0,0,0,21
29,46.87067489,-63.88294145,15.28608564,ROCKS,1,1,1,1,1,1,1,1,1,1,1,1,1,1,1,1,1,558
30,49.11733119,-63.40539991,15.40645834,ROCKS,0,0,0,0,0,,0,0,0,0,0,0,0,0,0,0,0,27
31,49.15524034,-62.9599171,15.11378715,ROCKS,0,0,0,0,0,0,0,1,0,0,0,0,0,0,0,0,0,23
32,48.7106843,-62.33899024,14.99116183,ROCKS,0,0,0,0,,,0,0,0,0,0,0,0,0,,0,0,416
33,47.44840227,-67.49074515,16.56608077,ROCKS,1,1,1,1,1,1,1,1,1,1,1,1,1,1,1,1,1,40
34,46.4256575,-66.53702022,16.31950035,ROCKS,0,0,0,1,0,,0,0,0,0,0,0,0,0,0,0,0,128
35,45.45219475,-66.99303471,15.60673731,ROCKS,0,0,0,0,0,0,0,0,0,0,0,0,0,0,0,0,0,40
36,44.45483297,-67.20249721,16.19681666,ROCKS,0,0,0,0,,0,0,,0,0,0,0,0,0,0,0,0,19
37,48.451464,-67.89600839,16.8559581,ROCKS,1,1,1,1,1,1,1,1,0,1,1,1,1,1,1,1,1,41
38,47.96725255,-69.03673908,16.81268272,ROCKS,0,0,0,0,0,0,0,0,0,0,0,0,0,0,0,0,0,63
39,48.71258738,-69.6432257,17.49895597,ROCKS,0,0,0,0,0,0,0,0,0,0,0,0,0,0,0,0,0,4
41,61.93655348,-84.61948328,20.55819505,ROCKS,1,1,1,1,1,1,1,1,1,1,1,1,1,1,,1,1,149
42,61.60732241,-86.39585518,20.66869291,ROCKS,0,0,0,0,0,0,0,0,0,0,0,0,0,0,,0,0,40
43,63.74315064,-85.40501408,19.95590934,ROCKS,0,0,0,0,0,0,1,0,0,0,0,0,0,0,,0,0,122
44,62.57163809,-86.83428653,20.04739756,ROCKS,0,0,0,0,0,0,0,0,0,0,0,0,0,0,,0,0,70
45,71.9691999,-100.9014041,23.17315707,TREES,1,1,0,1,,,1,1,1,1,1,,1,0,1,1,0,41
46,70.72346963,-102.7482751,22.93901331,TREES,0,0,0,0,,,0,0,0,0,0,0,0,0,0,0,0,82
47,73.23063549,-102.2780194,23.88989297,TREES,0,0,0,0,,,0,,0,1,0,,0,0,0,0,0,30
48,72.12841906,-99.9499479,23.07176446,TREES,0,0,0,0,,,0,0,0,0,0,0,,0,0,,0,25
49,94.6396507,-118.9342949,28.80393052,ROCKS,1,,1,1,1,1,1,1,1,1,1,1,1,1,1,1,1,0
50,95.77504995,-120.130756,28.54268497,ROCKS,0,0,0,0,0,0,0,0,0,0,0,0,0,0,0,0,0,31
51,94.66861206,-122.2529387,27.6611863,ROCKS,0,0,0,0,0,,0,0,0,0,0,,0,0,0,0,0,23
52,93.30908027,-124.2709214,28.80393052,ROCKS,0,0,0,0,0,0,0,0,0,0,0,0,0,0,0,0,0,86
53,94.01045449,-118.5710283,28.10232557,ROCKS,1,1,1,0,1,1,0,1,1,,1,,1,1,1,1,1,49
54,93.47363926,-118.542895,26.70195493,ROCKS,0,,0,,0,,0,0,0,0,0,,0,0,0,0,0,3
55,91.52867242,-119.6759888,27.00472825,ROCKS,0,0,0,0,0,0,0,0,0,0,0,,0,0,0,0,0,0
56,90.47051546,-119.195215,27.46850972,ROCKS,0,0,0,0,0,,0,0,0,0,0,,0,0,0,0,0,151
57,95.88722024,-123.7273998,29.16894785,ROCKS,1,1,1,1,1,1,1,1,1,1,1,1,1,1,1,1,1,206
58,95.10618855,-125.0801864,30.43388184,ROCKS,0,0,0,0,0,,0,0,0,,0,0,0,0,0,0,,111
59,96.54605968,-126.5811469,29.42518574,ROCKS,0,0,0,0,0,0,0,0,0,0,0,0,0,0,0,0,0,140
60,96.04515098,-128.2499444,30.04857732,ROCKS,0,0,0,0,0,0,0,0,0,0,0,0,0,0,0,0,0,69
65,102.9287714,-134.5704377,31.216675,ROCKS,1,1,1,1,1,1,1,1,1,1,1,1,1,1,1,1,1,528
66,104.5511976,-138.3926343,30.40955295,ROCKS,0,0,0,0,,,0,0,0,0,0,0,0,0,0,0,0,34
67,104.8423326,-138.8683665,30.63901431,ROCKS,0,0,0,0,0,0,0,0,0,0,0,0,0,0,0,0,0,30
69,121.0125381,-165.2705815,37.49926607,TREES,1,0,1,1,1,,1,1,1,0,1,0,0,0,1,1,1,53
72,122.3086021,-166.0188644,37.18116118,TREES,0,0,0,0,0,,0,0,0,0,0,0,0,0,0,0,0,33
73,131.9083133,-179.493851,40.33039705,ROCKS,1,1,1,1,1,1,1,1,1,1,1,1,1,1,1,1,1,180
74,130.5028739,-179.6044615,40.35500494,ROCKS,0,0,0,0,0,0,0,0,0,0,0,0,0,0,0,0,0,61
75,129.3700259,-179.8732006,40.46490046,ROCKS,0,0,0,0,0,0,0,0,0,0,0,0,0,0,0,0,0,58
76,127.5852701,-179.7204121,41.17186472,ROCKS,0,0,0,0,0,0,0,0,0,0,0,0,0,0,0,0,0,112
81,152.7026784,-180.9479347,43.25999083,ROCKS,1,1,1,1,1,1,1,1,1,1,1,1,1,1,1,1,1,36
82,151.0145246,-180.1607357,42.61862156,ROCKS,0,0,0,0,0,0,0,0,,,,0,0,0,0,0,,0
83,148.2702432,-181.2578808,42.06942322,ROCKS,0,0,0,0,0,0,0,0,0,0,0,0,0,0,0,0,0,7
84,145.6489831,-181.4411771,42.01319691,ROCKS,0,0,0,,,,0,0,0,0,0,0,0,0,0,0,0,23
85,152.0579066,-185.0188636,44.52011287,TREES,1,1,1,0,1,1,1,1,1,1,1,1,1,1,1,1,1,20
93,154.8895776,-183.9882196,44.20339163,ROCKS,1,1,1,1,1,1,1,1,1,1,1,1,1,1,1,1,1,79
94,154.2549037,-184.9291624,42.89774405,ROCKS,0,0,0,0,0,0,0,0,0,0,0,,,,,0,,5
95,151.7840257,-184.648325,43.23271757,ROCKS,0,0,0,0,0,0,0,0,0,0,0,0,0,0,0,0,0,119
96,149.9314813,-184.3784302,42.49090314,ROCKS,0,0,0,0,0,0,0,,0,0,0,0,0,0,1,0,0,0
97,151.293529,-185.860204,43.41535048,ROCKS,1,1,1,1,1,1,1,1,1,1,1,1,1,1,1,1,1,32
98,150.3505206,-187.1116185,42.78226533,ROCKS,0,0,0,0,0,0,0,0,0,0,0,0,0,0,0,0,0,13
99,149.2965128,-186.8997849,43.2183785,ROCKS,0,,0,0,0,0,0,0,0,0,0,0,0,0,0,0,0,7
100,148.5960855,-186.6336835,43.26828644,ROCKS,0,0,0,0,0,0,0,,0,0,0,0,0,0,0,0,0,18
101,63.29515257,-85.25300844,21.60783993,TREES,1,0,1,1,1,1,1,1,1,1,1,1,1,1,,1,1,16
102,62.51817743,-87.96264278,21.261731,TREES,0,0,0,0,1,0,0,0,0,0,0,0,0,0,,0,0,13
103,61.11221773,-88.74643445,21.53593602,TREES,0,0,0,0,0,,0,0,0,0,0,0,0,0,,0,0,10
104,60.47545239,-88.99487696,20.61194293,TREES,0,0,0,0,0,0,0,0,0,0,0,0,0,0,,0,0,41
109,148.6875678,-193.8500225,46.90617865,TREES,1,0,0,0,1,0,0,1,1,1,1,0,1,0,1,1,1,109
110,146.5618842,-195.178297,46.7748154,TREES,0,0,0,0,0,0,0,0,0,0,0,0,0,0,0,0,0,47
111,145.4920999,-198.0905517,47.37071876,TREES,0,0,0,0,0,0,0,0,0,0,0,0,0,0,0,0,0,45
112,143.9282882,-199.135738,46.408815,TREES,0,0,0,,0,,0,0,0,0,0,0,0,0,0,0,0,62
113,154.471856,-195.9431899,47.8540375,TREES,1,0,0,1,1,1,1,1,0,0,1,1,1,1,1,,1,50
114,152.9319423,-195.5876728,48.16123998,TREES,0,0,0,0,,,0,0,0,0,0,0,0,0,,,0,35
115,153.8980985,-199.5657521,48.76850226,TREES,0,0,0,0,0,0,0,0,0,0,0,0,1,0,0,0,0,14
116,153.3521663,-200.4340199,49.00800494,TREES,0,0,0,0,0,0,0,0,0,0,0,0,0,0,0,0,0,66
117,152.8179802,-186.7761867,43.99321226,ROCKS,1,1,1,1,0,1,1,1,1,1,1,1,1,1,1,1,1,31
118,151.4807844,-187.7125013,43.55580807,ROCKS,0,0,0,0,0,0,0,0,0,0,0,0,0,0,0,0,0,0
119,149.6468848,-187.930371,43.27591692,ROCKS,0,0,0,0,0,0,0,0,0,0,0,0,0,0,0,0,0,0
120,149.0421103,-188.0030412,43.50573488,ROCKS,0,0,0,0,0,0,0,0,0,0,0,0,0,0,0,0,0,0
121,152.9911404,-187.4974506,45.33138041,ROCKS,1,1,1,1,1,1,1,1,1,1,1,1,1,1,1,1,1,31
122,153.2895167,-188.3892035,44.56990274,ROCKS,0,0,0,0,0,0,0,0,0,0,0,0,0,0,0,0,0,0
123,151.7439561,-189.2140524,43.95344365,ROCKS,0,0,0,0,0,0,0,0,0,0,0,0,0,0,0,0,0,13
124,150.0815028,-188.9165756,43.22907373,ROCKS,0,0,0,0,0,0,0,0,0,0,0,0,0,0,0,0,0,0
125,154.5610849,-189.4498229,44.52748423,ROCKS,1,1,1,1,1,1,1,1,1,1,1,1,1,1,1,1,1,20
126,154.6400768,-188.5469412,43.44736157,ROCKS,0,0,0,0,0,0,0,0,0,0,0,,0,,,,,0
127,155.269676,-190.9694014,43.74564045,ROCKS,0,0,0,0,0,0,0,0,0,0,0,0,1,0,0,0,0,6
129,153.704872,-190.1941175,45.18248423,ROCKS,1,1,1,1,1,1,1,1,1,1,1,1,1,1,1,0,1,71
130,152.4963169,-190.8918771,43.83484699,ROCKS,0,0,0,0,0,0,0,0,0,0,0,0,0,0,0,0,0,25
131,152.6264332,-192.6163306,43.88928935,ROCKS,0,0,0,0,0,0,0,0,0,0,0,0,1,0,0,0,0,13
132,152.1112906,-192.5566989,44.31121655,ROCKS,0,0,0,0,0,0,0,0,0,0,0,0,1,0,0,0,0,51
133,153.9984214,-191.7042984,45.37138172,ROCKS,1,1,1,,1,1,1,1,1,0,1,1,1,1,1,1,1,64
134,154.9924995,-192.538429,44.87325027,ROCKS,0,0,0,0,0,0,0,0,0,0,0,0,0,0,0,0,0,9
135,154.6829902,-193.5851357,44.64287881,ROCKS,0,0,0,0,0,0,0,0,0,0,0,0,0,0,0,0,0,41
136,155.2541298,-193.9696563,45.14477678,ROCKS,0,0,0,,,,0,0,0,0,0,0,0,0,0,0,0,14
141,159.4563457,-191.6654443,45.53985133,ROCKS,1,1,1,,1,1,1,1,1,1,1,1,1,1,1,1,1,60
142,158.8311092,-190.9203165,45.42041937,ROCKS,0,0,0,0,0,0,0,0,0,0,0,0,0,0,0,0,0,45
143,158.2251454,-190.2980578,45.53985133,ROCKS,0,0,0,0,0,0,0,0,0,0,0,0,0,0,0,0,0,22
144,157.7748901,-188.9215582,44.85582187,ROCKS,0,0,0,,0,1,0,0,0,0,0,0,0,0,,0,0,44
145,160.04454,-192.3187003,45.67907801,ROCKS,1,1,1,1,1,1,1,1,1,1,1,1,1,1,1,1,1,108
146,160.701371,-192.6319926,45.86051943,ROCKS,0,0,0,0,0,0,0,0,0,0,0,0,,0,0,0,0,102
147,161.3706625,-193.6448227,45.81022018,ROCKS,0,0,0,0,0,0,0,0,0,0,0,0,0,0,0,0,0,23
148,161.5238866,-195.2858104,45.85283338,ROCKS,0,0,0,0,0,0,0,0,0,0,0,0,0,0,0,0,0,0
149,160.482288,-192.6925724,45.74976222,TREES,1,1,1,1,1,0,0,1,1,1,1,0,,,,,,15
150,161.4283264,-193.4316986,47.28638319,TREES,0,1,0,0,1,1,1,0,0,1,1,1,0,1,1,0,0,16
151,161.8719651,-193.4949028,47.41143716,TREES,0,0,0,0,0,0,0,0,0,0,0,0,0,0,,0,0,15
152,162.0455562,-194.0756353,47.26624818,TREES,0,0,0,0,0,,0,0,0,0,0,0,0,0,0,0,0,40
153,162.7407795,-194.4570993,45.89996642,TREES,1,1,0,1,0,0,1,,1,0,0,0,0,,1,1,0,22
154,163.0316663,-195.2785383,47.24183933,TREES,0,0,0,0,0,0,0,0,0,0,0,0,0,0,0,0,0,15
155,163.9810336,-194.9085149,47.26671204,TREES,0,0,0,0,0,0,0,0,0,0,0,0,0,0,0,0,0,21
156,164.1277063,-195.4833712,47.62530696,TREES,0,0,0,0,0,0,0,0,0,0,0,0,0,0,0,0,0,24
157,61.09707164,-81.25250552,19.36335993,TREES,1,0,0,1,,1,1,1,1,1,1,1,1,1,1,1,1,39
158,59.77612472,-81.27556273,20.43320459,TREES,0,,0,,,,0,0,0,0,0,,,0,0,0,0,3
159,57.59703678,-76.60780238,19.77004017,TREES,0,,0,0,0,0,0,0,0,0,0,0,,0,0,,0,21
160,55.56365665,-77.52016998,19.9473034,TREES,0,,0,0,0,0,0,0,0,0,0,0,,0,0,,0,56
161,164.905497,-196.9038673,47.6370112,ROCKS,1,1,1,1,1,1,1,1,1,1,1,0,1,1,1,,1,134
162,162.9184632,-196.9558996,47.17811105,ROCKS,0,0,0,0,0,0,0,0,0,0,0,0,0,0,0,,0,87
163,161.373741,-198.7817352,47.14587775,ROCKS,0,0,0,0,0,0,0,0,0,0,0,0,0,0,0,0,0,53
164,160.5651019,-198.4836419,46.22485587,ROCKS,0,0,0,0,0,0,0,0,0,0,0,0,0,0,0,0,0,1
165,164.4418563,-199.533304,47.6370112,ROCKS,1,1,1,1,1,1,1,1,1,1,1,1,1,1,1,1,1,38
166,162.7607361,-201.2144242,48.18589177,ROCKS,0,0,0,0,0,0,0,0,1,0,0,,,,,,,0
169,160.7472567,-204.2621758,48.48040019,TREES,1,1,1,1,1,1,1,1,1,1,1,1,0,1,1,,1,0
170,159.4540312,-204.2396025,51.38547475,TREES,0,0,0,,,,0,0,0,0,,0,0,0,0,0,0,70
171,160.2702586,-205.9256661,51.36048232,TREES,0,0,0,0,0,0,0,0,0,0,0,0,0,1,0,1,1,25
172,159.8680245,-206.9681743,50.95374273,TREES,0,0,0,0,0,0,0,0,0,0,0,0,0,0,0,0,0,10
173,162.3532534,-204.5566923,48.80311799,ROCKS,1,1,1,1,1,1,1,1,1,0,1,1,1,1,0,1,1,32
174,162.1431654,-205.6375013,48.5489233,ROCKS,0,0,0,0,0,0,0,0,0,0,0,0,0,0,0,0,0,6
175,161.7019947,-205.8348593,48.67761372,ROCKS,0,0,0,0,0,0,0,0,0,0,0,0,0,0,0,0,0,4
176,161.6452976,-206.1101594,49.01273326,ROCKS,0,0,0,0,0,0,0,0,0,0,0,0,0,0,0,0,0,1
177,161.163763,-207.6554206,49.8815873,TREES,1,1,1,1,1,1,1,1,1,1,1,1,1,,,,,53
178,158.3837347,-206.1772533,50.96572925,TREES,0,0,0,0,0,0,0,0,0,0,0,0,0,0,0,0,0,23
179,157.2318532,-206.7114525,50.81513418,TREES,0,0,0,0,0,0,0,0,0,0,0,0,0,0,0,0,0,68
180,155.8036325,-206.2691966,50.26873573,TREES,0,0,0,0,0,0,0,0,0,0,0,0,0,0,0,0,0,48
181,161.7880731,-209.11265,50.93783252,TREES,1,1,1,1,1,1,1,1,1,1,1,,,,,,,3
183,158.5748891,-210.0950189,50.93783252,TREES,0,0,0,0,0,0,0,0,0,0,0,0,0,0,,0,0,11
184,158.0934984,-210.0338109,51.0707996,TREES,0,0,0,0,0,0,0,0,0,0,0,0,0,0,0,0,0,20
185,160.4081691,-207.6752065,50.02851023,TREES,1,1,1,1,1,1,1,1,1,1,1,,0,1,,,,22
186,158.4538846,-208.0197996,51.2685213,TREES,0,0,0,0,0,,0,0,0,0,0,0,0,0,0,0,0,39
187,156.9110044,-209.0881528,50.69358275,TREES,0,0,0,0,0,0,0,0,0,0,0,0,0,0,0,0,0,1
189,160.7210488,-203.9626185,48.58984664,ROCKS,1,1,1,1,1,1,1,1,1,1,1,1,1,1,1,1,1,65
189,160.7210488,-203.9626185,48.58984664,ROCKS,1,1,1,1,1,1,1,1,1,1,1,1,1,1,1,1,1,42
190,159.3416566,-205.6660261,49.70666327,ROCKS,0,0,0,0,0,0,0,0,0,0,0,0,0,0,0,0,0,2
191,160.0970934,-206.2912519,49.71401121,ROCKS,0,0,0,0,0,0,0,0,0,0,0,0,,0,0,0,0,2
192,158.8258806,-207.2451462,50.04482051,ROCKS,0,0,0,0,0,,0,0,0,0,0,,0,0,0,0,0,32
193,165.9312114,-200.5325191,48.90944119,ROCKS,1,1,1,1,1,1,1,1,1,1,,1,1,1,1,1,1,73
194,165.5688524,-201.8848612,48.34378523,ROCKS,0,0,0,0,0,0,0,0,0,0,0,0,0,0,0,0,0,0
195,164.8507851,-203.5009659,48.465479,ROCKS,0,0,0,0,0,0,0,0,0,0,0,0,0,0,0,0,0,0
196,163.6366447,-203.5228566,48.51327831,ROCKS,0,0,0,0,0,0,0,0,0,0,0,0,0,0,0,0,0,10
197,167.743827,-200.5325191,49.75467771,ROCKS,1,1,1,1,1,1,1,1,1,1,1,1,1,1,1,1,1,153
198,167.419868,-201.7415505,49.44259847,ROCKS,0,0,0,0,0,0,0,0,0,0,0,0,0,0,0,0,0,0
199,167.3229133,-202.3556967,49.42474617,ROCKS,0,0,0,0,0,0,0,0,0,0,0,0,0,0,0,0,0,0
200,166.9367909,-202.3451517,48.9530196,ROCKS,0,0,0,0,0,0,0,0,0,0,0,0,0,0,0,0,0,1
201,171.069892,-199.7636674,49.49968953,ROCKS,1,1,1,1,1,1,1,1,1,1,1,1,1,1,1,1,1,94
202,170.8935517,-200.8770365,49.42086472,ROCKS,0,0,0,0,0,0,0,0,0,0,0,0,0,0,0,0,0,9
203,171.5995631,-201.7404271,50.12536498,ROCKS,0,0,0,0,0,0,0,0,0,0,0,0,0,0,,0,0,41
204,170.835467,-202.4431579,49.73501004,ROCKS,0,0,0,0,0,0,0,0,0,0,0,0,0,0,0,,,0
205,169.8456901,-200.8092346,49.75467771,ROCKS,1,1,1,1,1,1,1,1,,1,1,1,1,1,1,1,1,44
206,169.3194006,-201.6196494,49.83921878,ROCKS,0,0,0,0,0,0,0,0,,0,0,0,0,0,0,0,0,15
207,170.2448113,-201.4479621,49.91476971,ROCKS,0,0,0,0,0,0,0,0,,0,0,0,0,0,0,0,0,4
208,169.948253,-202.7662504,49.78888443,ROCKS,0,0,0,0,0,0,0,0,0,0,0,0,0,0,0,0,0,0
209,169.0254835,-199.8529282,48.17077029,ROCKS,1,1,1,,1,,1,1,1,1,1,1,1,1,1,1,1,20
210,168.6911212,-199.5723649,47.70270392,ROCKS,0,0,0,,0,,0,0,0,0,0,0,0,0,0,0,0,97
211,167.6815249,-198.1932776,47.26427407,ROCKS,0,0,0,,0,,0,0,0,0,0,0,0,0,0,0,0,28
212,166.1369408,-197.5552776,47.45332847,ROCKS,0,0,0,,0,,0,0,0,0,0,0,0,0,0,0,0,142
213,166.0283851,-208.0271675,50.52486932,ROCKS,1,1,1,1,1,1,1,1,1,0,1,1,1,,1,1,1,9
214,166.7430087,-208.7417911,50.93319051,ROCKS,0,0,0,0,0,0,0,0,0,0,0,0,0,0,0,0,0,0
215,168.4609586,-208.1972696,50.61002409,ROCKS,0,0,0,0,0,0,0,0,0,0,0,0,1,1,0,0,0,0
216,169.9659605,-206.8233299,50.3810834,ROCKS,0,0,0,0,0,0,0,0,0,0,0,0,0,0,0,0,0,0
217,175.7439181,-209.1000601,51.02061022,ROCKS,1,1,1,1,1,1,1,1,1,1,1,1,1,1,1,1,1,43
218,174.8353703,-209.5237229,51.14369825,ROCKS,0,0,0,0,0,0,0,0,0,0,0,0,0,0,0,0,0,34
219,175.0416554,-206.4791803,50.63927592,ROCKS,0,0,0,0,0,0,0,0,0,0,0,0,0,0,0,0,0,93
220,174.1246748,-205.4631802,50.17440964,ROCKS,0,0,0,0,0,0,0,0,0,0,0,0,0,0,0,0,0,15
221,165.9312114,-207.4941036,49.88782809,ROCKS,1,1,1,1,1,1,1,1,1,1,1,1,1,1,1,1,1,21
222,166.3877697,-206.2397201,49.57964514,ROCKS,0,0,0,0,0,0,0,0,0,0,0,0,0,0,0,0,0,0
225,176.712596,-207.8633329,55.02014189,ROCKS,1,1,1,1,1,1,1,1,1,1,1,1,1,1,1,1,1,91
226,178.0009265,-211.2195486,56.18822613,ROCKS,0,0,0,0,0,0,0,0,0,0,0,0,0,0,0,0,0,46
227,177.1170524,-211.1573655,56.16288611,ROCKS,0,0,0,0,0,0,0,0,0,0,0,0,0,0,0,0,0,249
228,176.712596,-213.4487916,56.10584507,ROCKS,0,0,0,0,0,0,0,0,0,0,0,0,0,0,0,0,0,15
229,165.0057069,-207.1389054,49.96831461,ROCKS,1,1,1,1,1,1,1,1,1,1,1,1,1,,,1,1,32
230,165.090528,-206.657861,49.42581889,ROCKS,0,0,0,0,0,0,0,0,0,0,0,0,0,,0,0,0,24
231,165.1245876,-204.8705251,48.60346371,ROCKS,0,0,0,0,0,0,0,0,0,0,0,0,0,,0,0,0,0
232,164.63515,-205.2325558,48.75479949,ROCKS,0,0,0,0,0,0,0,0,0,0,0,0,0,,,0,0,0
233,165.03846,-207.5653075,50.13322607,ROCKS,1,1,1,1,1,1,1,1,1,1,1,1,1,1,1,1,1,26
234,165.7673465,-207.2098058,49.56538539,ROCKS,0,0,0,0,0,0,0,0,0,0,0,0,0,0,0,0,0,6
235,165.9144343,-206.5924394,48.912449,ROCKS,0,0,0,0,0,0,0,0,0,0,0,0,,0,,,,8
236,166.438437,-205.5283283,48.92770541,ROCKS,0,0,0,0,0,0,0,0,0,0,0,0,0,,0,0,0,1
237,165.4120816,-207.38308,49.89322607,ROCKS,1,1,1,1,0,0,0,0,0,0,0,0,0,,,0,0,0
238,162.8395984,-206.8362818,49.6631349,ROCKS,0,0,0,0,0,0,0,0,0,0,0,0,0,0,0,0,0,6
239,161.9073451,-206.7018283,49.51796888,ROCKS,0,0,0,0,0,,0,0,0,0,0,0,0,0,0,0,,0
241,164.7203747,-207.8277582,50.28480682,ROCKS,1,1,1,1,1,1,1,1,1,1,1,1,1,1,1,1,1,3
242,164.3311915,-208.2102074,50.15883423,ROCKS,0,1,1,1,0,1,0,1,1,0,1,1,1,1,1,1,1,18
243,163.5082525,-208.3174874,49.90994002,ROCKS,0,0,0,0,0,0,0,0,0,0,0,0,0,0,0,0,0,8
244,163.0246273,-209.0597908,49.7231695,ROCKS,0,0,0,0,0,0,0,0,0,0,0,0,0,0,0,0,0,0
245,164.0656896,-209.11265,50.61773438,ROCKS,1,1,1,1,1,1,1,1,1,1,1,1,1,,,1,1,34
246,163.8585612,-209.7901364,50.22503859,ROCKS,0,0,0,0,0,0,0,0,0,0,0,0,0,,0,,0,0
248,162.5809791,-212.4473645,49.2165157,ROCKS,0,0,0,0,0,0,0,1,0,0,0,0,0,,0,0,0,7
249,165.5918251,-207.8853206,50.66520774,ROCKS,1,1,1,1,1,1,1,1,1,1,1,1,1,,1,1,1,53
250,165.0119811,-208.3066019,49.99684935,ROCKS,0,0,0,0,0,0,0,0,0,0,0,0,0,,0,0,0,6
251,165.4841508,-209.2534533,51.19200863,ROCKS,0,0,0,0,0,0,0,0,0,0,0,0,0,,0,0,0,0
252,165.4789507,-210.0390939,51.04549725,ROCKS,0,0,0,0,0,0,0,0,0,0,0,0,0,,0,0,0,0
253,180.5981313,-213.9097591,57.93456358,ROCKS,1,1,1,1,1,1,1,1,1,1,1,1,1,1,1,1,1,106
254,178.182336,-217.0018361,56.58345574,ROCKS,0,0,0,0,0,0,0,0,0,0,0,0,0,0,0,0,0,36
255,176.2271775,-217.9150003,56.4564208,ROCKS,0,0,0,0,0,0,0,0,0,0,0,0,0,0,0,0,0,50
256,175.8666896,-218.9836091,56.20482202,ROCKS,0,0,0,0,0,0,0,0,0,0,0,0,0,,,,,74
257,178.0748972,-213.3272246,57.88936185,TREES,1,0,1,1,1,,1,1,1,1,1,1,1,1,1,1,1,107
258,177.0892491,-214.0433399,57.82551198,TREES,0,0,0,0,0,,0,0,0,0,0,0,0,0,0,,0,9
259,178.8230507,-210.6294703,57.93822858,TREES,0,0,,0,0,,0,0,1,0,0,0,1,1,0,0,,0
261,173.8456788,-219.3777873,58.54214246,TREES,1,1,1,1,1,1,1,1,0,1,0,1,1,1,1,1,0,7
262,174.4485508,-220.6706504,58.64189422,TREES,0,0,0,0,0,0,0,0,0,0,0,0,0,0,0,0,0,1
263,174.5562833,-221.0518666,59.59214246,TREES,0,0,0,0,0,0,0,0,0,0,0,0,0,0,0,0,0,6
264,175.6092515,-220.7556413,58.22761126,TREES,0,0,0,0,1,0,0,0,0,0,0,0,0,0,0,0,0,40
265,173.7826478,-218.4764024,58.28304335,TREES,1,1,1,1,1,0,1,1,1,1,1,1,1,1,1,1,1,69
267,172.788901,-221.9420094,59.38528468,TREES,0,0,0,0,0,0,0,0,0,0,0,0,0,0,0,0,0,34
268,171.8531429,-220.5455432,58.03552104,TREES,0,0,0,0,0,0,0,0,0,0,0,0,0,0,0,0,0,40
269,190.1152119,-243.5347622,63.29391563,ROCKS,1,1,1,1,1,1,1,1,1,1,1,1,1,1,1,1,1,23
270,187.300985,-243.3379723,62.4314191,ROCKS,0,0,0,0,0,,0,0,0,0,0,,,,,,,25
271,187.5415077,-244.6806492,63.84153745,ROCKS,0,0,0,,0,0,0,0,0,0,0,0,0,0,0,0,0,117
272,187.9936291,-245.8910187,63.91022869,ROCKS,0,0,0,0,,0,0,0,0,0,0,0,0,0,0,0,0,0
273,191.1112361,-244.0868674,63.4539647,ROCKS,1,0,1,1,1,0,1,1,0,0,0,0,0,0,0,0,0,56
274,190.2044478,-245.2902162,63.18828299,ROCKS,0,0,0,0,0,0,0,0,0,0,0,0,0,0,0,0,0,0
275,189.4934435,-246.6758769,63.99227405,ROCKS,0,0,0,0,0,0,0,0,0,0,0,0,0,0,0,0,0,13
276,188.887627,-247.7875744,63.60473052,ROCKS,0,0,0,0,0,0,0,,0,0,0,0,0,0,0,0,0,123
277,191.4672456,-245.6927222,63.95684403,ROCKS,1,1,0,1,1,1,1,1,1,1,1,1,1,1,1,1,1,44
278,190.7780358,-246.0747574,64.57250551,ROCKS,0,0,0,0,0,0,0,0,0,0,0,1,1,1,1,1,1,99
279,190.2936412,-247.8099606,64.16863249,ROCKS,0,0,0,0,0,0,0,0,0,0,0,0,0,0,0,0,0,34
280,190.1996122,-248.5398734,64.33951377,ROCKS,0,0,0,0,,0,0,0,0,0,0,0,0,0,0,0,0,81
281,196.4178993,-250.3092815,64.78799295,ROCKS,1,1,1,1,,,1,1,1,1,1,1,1,1,1,1,0,63
282,192.6093021,-252.0049782,64.2020742,ROCKS,0,0,0,0,0,,0,0,0,0,0,,,,,,,2
284,195.1942558,-254.5766334,64.86548164,ROCKS,0,0,0,0,0,,0,0,0,0,0,0,0,0,0,0,0,0
285,187.9211916,-251.7487718,66.80306753,TREES,1,1,1,1,1,1,1,1,1,1,1,1,1,1,1,1,1,134
286,187.0803279,-250.4539552,67.49045246,TREES,0,0,0,0,0,0,0,0,0,0,0,0,0,0,0,0,0,62
287,185.65708,-251.1421049,68.10235731,TREES,0,0,0,0,0,0,0,0,0,0,0,0,0,0,0,0,0,4
288,184.2369794,-251.5556904,68.93306753,TREES,0,0,0,0,0,0,0,0,0,0,0,0,0,0,0,0,0,0
289,198.163084,-256.855191,66.20329747,ROCKS,1,1,1,1,1,,1,1,1,1,1,1,1,1,1,1,1,41
290,194.790052,-259.6855009,65.81806909,ROCKS,0,0,0,0,0,,0,0,0,0,0,0,0,0,0,0,0,0
291,193.8477638,-260.9502769,66.09945566,ROCKS,0,0,0,0,0,,0,0,0,0,0,0,0,0,0,0,0,292
292,193.3451638,-260.3556149,66.93451353,ROCKS,0,0,0,0,0,,0,0,0,0,0,0,0,0,0,0,0,265
293,223.7213774,-277.57875,73.58130862,TREES,1,0,1,1,0,0,0,0,0,0,0,0,0,,0,0,,35
294,224.098697,-275.944399,72.49203055,TREES,0,0,0,0,0,0,0,0,0,0,0,0,0,,0,0,,124
295,222.2851765,-275.3671946,72.87473263,TREES,0,0,0,0,0,0,0,0,0,0,0,0,0,,0,0,0,52
296,221.5794436,-276.2917464,73.18552942,TREES,0,0,0,0,0,0,0,0,0,0,0,0,0,,0,0,0,68
297,235.3385043,-283.755686,76.86176952,ROCKS,1,1,1,1,1,,1,1,1,1,1,1,1,1,1,1,1,66
298,234.9334575,-283.4926455,76.73236,ROCKS,0,0,1,0,0,,0,0,0,0,0,0,1,,1,1,0,150
299,232.7538101,-284.1189411,77.51253942,ROCKS,0,0,0,0,0,,0,0,0,0,0,0,0,0,0,0,0,98
300,231.3622918,-283.8598068,76.72286953,ROCKS,0,0,0,0,,,0,0,0,0,0,0,,0,0,0,0,157
301,233.1119099,-284.9147777,78.43033055,ROCKS,1,1,1,1,,1,1,1,1,1,1,1,1,1,1,1,1,130
302,232.7944505,-286.1880379,77.79030867,ROCKS,0,0,0,0,,0,0,0,0,0,0,0,0,,0,0,0,9
303,232.1551385,-287.4072524,78.19675316,ROCKS,0,0,0,0,,0,0,0,0,0,0,0,0,,0,0,0,24
304,232.6513317,-287.8227537,77.80451636,ROCKS,0,0,0,0,,0,0,0,0,0,0,0,0,,0,0,0,16
305,249.670506,-300.9052281,82.90480149,ROCKS,1,1,1,1,1,1,1,1,1,1,1,1,1,1,1,1,1,179
306,247.5391906,-306.4574945,83.42512127,ROCKS,0,0,0,,0,0,0,0,0,0,0,0,0,0,0,0,0,185
308,245.409515,-307.8585335,83.18958138,ROCKS,0,0,0,,0,0,0,0,0,0,0,0,0,,0,0,0,43
309,250.4613104,-304.6256704,83.85313532,ROCKS,1,1,1,1,1,1,1,,1,1,1,1,1,1,1,1,1,195
310,249.0148426,-307.1310263,83.65084154,ROCKS,0,0,0,0,0,0,0,0,0,0,0,0,0,0,0,0,0,74
311,250.8808591,-308.9828499,83.70027552,ROCKS,0,0,0,0,0,0,0,0,0,0,0,0,0,0,0,0,0,92
312,250.4613104,-309.0376092,84.63107915,ROCKS,0,0,0,0,0,0,0,0,0,0,0,0,0,0,0,0,0,81
313,256.4323414,-314.3695074,87.34697719,TREES,1,1,0,,1,1,1,0,1,1,1,1,1,1,,,0,20
314,256.5303355,-315.2295911,87.97590741,TREES,0,0,0,,0,1,0,1,0,1,0,0,1,0,0,1,0,37
315,253.5511612,-314.3695074,88.56996562,TREES,0,0,0,,0,0,0,0,0,0,0,0,0,0,0,0,0,94
316,255.0256741,-315.5086041,88.30939389,TREES,0,0,0,0,0,0,0,0,0,0,0,0,0,0,0,0,0,24
317,275.3525644,-338.5862886,96.15910346,ROCKS,1,1,1,,1,,1,1,1,1,1,1,1,1,1,1,1,18
318,274.9883171,-337.5576857,95.52910346,ROCKS,0,0,0,,0,,0,0,0,1,1,1,1,0,1,1,1,2
319,275.1948056,-336.0069538,95.21854806,ROCKS,0,0,0,,0,,0,0,0,0,0,0,0,0,0,0,0,5
320,275.8816753,-334.2770268,94.83173592,ROCKS,0,0,0,,0,,0,0,0,0,0,0,0,0,0,0,0,22
321,275.4880412,-340.1347949,98.07865398,TREES,1,0,0,,1,,1,0,0,0,1,0,1,1,1,,1,82
322,281.2193916,-345.8661453,98.93056096,TREES,0,0,,,,,0,0,,0,0,0,0,0,0,0,0,22
323,278.2902944,-339.2780601,97.34804986,TREES,0,0,0,,0,0,0,,0,0,0,0,0,0,0,0,0,2
324,282.7940715,-347.5694653,98.44265573,TREES,0,0,0,,,,0,0,0,0,0,0,0,0,0,0,0,60
325,275.6058712,-340.7310594,97.22046313,ROCKS,1,1,1,,1,1,1,1,1,1,1,1,1,1,1,,1,24
326,276.8985835,-341.5232345,96.89820001,ROCKS,0,0,0,,0,0,,0,0,0,0,0,0,0,0,,0,2
327,277.627731,-341.8061013,96.64952746,ROCKS,0,0,0,,0,0,,0,0,0,0,0,0,0,0,,0,4
328,278.4296457,-341.9007051,96.45840916,ROCKS,0,0,0,,0,0,,0,0,0,0,0,0,0,0,,0,10
333,183.2100254,-222.5755429,58.28304335,ROCKS,1,1,1,1,1,1,1,1,1,1,1,1,1,,,1,1,6
334,182.7047893,-223.9636677,58.02257108,ROCKS,0,0,0,0,0,,0,0,0,0,0,0,0,0,0,0,,0
336,181.9987732,-225.1730815,58.43324754,ROCKS,0,0,0,0,0,,0,,0,0,0,0,0,0,0,,0,10
337,189.8364121,-238.9764256,61.72142145,ROCKS,1,1,0,1,1,,1,1,1,1,1,1,1,1,1,1,1,119
338,190.5309522,-241.2481637,62.18317922,ROCKS,0,0,0,0,0,,0,0,0,0,0,0,0,0,0,0,0,72
339,191.0199505,-241.9057858,62.39297621,ROCKS,0,0,0,0,0,0,0,0,0,0,0,0,0,0,0,0,0,0
340,190.7512414,-243.1029536,62.16566742,ROCKS,0,0,0,0,0,0,0,0,0,,0,0,0,0,0,0,0,8
357,206.6467239,-256.1129686,67.24893644,ROCKS,1,1,1,,,,1,1,1,1,1,1,1,1,0,1,1,144
358,205.1214847,-254.4773499,66.10942029,ROCKS,0,0,0,,,,0,0,0,0,0,0,0,0,0,0,0,0
359,204.962468,-253.707602,66.00250414,ROCKS,0,0,0,,,,0,0,0,0,0,0,0,0,0,0,0,0
360,204.3159983,-252.9631738,65.97578642,ROCKS,0,0,0,,0,,0,0,0,0,0,0,0,0,0,0,0,8
361,221.6110403,-243.349959,61.38484538,TREES,1,1,,1,,,1,1,1,1,1,1,1,1,1,1,1,7
362,221.5406373,-242.3431494,62.32600311,TREES,0,0,0,0,0,,0,0,0,0,0,0,0,0,0,0,0,15
363,221.9785525,-240.8908775,62.14501181,TREES,0,0,0,0,0,0,0,0,,0,1,0,,0,0,,,15
364,219.1997584,-239.9062916,61.75264261,TREES,0,0,0,1,0,,0,0,0,0,0,0,0,0,0,0,0,2
365,219.6525062,-241.7323818,61.35986234,TREES,1,1,1,1,1,1,1,1,1,1,1,0,,,,,,5
366,222.7067576,-237.4504793,63.75678928,TREES,0,0,0,0,0,0,0,0,0,0,0,0,0,0,0,0,0,48
367,223.2955054,-236.0140185,63.43277772,TREES,0,0,0,,0,0,0,0,0,0,0,0,0,0,0,0,0,59
368,219.228638,-240.150484,61.56094676,TREES,0,0,0,0,0,0,0,,0,0,0,0,0,,0,,0,78
369,220.605362,-241.0400915,60.67986234,TREES,1,1,1,1,1,1,1,1,1,1,1,1,1,1,1,1,0,8
371,222.3413472,-238.971225,63.576023,TREES,0,0,0,,0,0,0,0,,0,0,0,0,,0,0,0,84
372,223.4649948,-236.8385632,63.72788649,TREES,0,0,0,0,0,0,0,0,,0,0,0,0,0,0,0,0,64
373,220.6524977,-240.8578316,62.83164289,TREES,1,1,1,1,1,1,1,1,1,1,1,0,1,1,1,1,1,14
375,223.1770461,-240.879863,63.60350419,TREES,0,0,0,0,0,0,0,0,0,0,0,0,0,0,0,0,0,5
376,221.4602031,-239.5652327,61.95164289,TREES,0,0,0,0,1,,0,0,0,0,0,0,0,0,0,0,0,3
377,219.937215,-240.4531441,61.76061588,TREES,1,1,1,1,,1,1,1,0,1,1,1,1,1,1,1,1,140
378,222.6058548,-243.2166015,64.16115014,TREES,0,0,,0,0,0,0,0,0,0,0,0,0,0,0,0,0,112
379,224.9568862,-242.9014013,64.18899771,TREES,0,0,0,0,0,0,0,0,0,0,0,0,0,0,0,0,0,5
380,226.2482993,-242.2628184,63.64321902,TREES,0,0,0,,,,0,0,0,0,0,0,0,,0,0,0,6
381,221.5221598,-242.9934791,60.96220801,TREES,1,1,1,1,1,0,1,1,1,1,1,1,1,,1,1,1,10
382,219.161926,-239.4942886,62.01456826,TREES,0,0,,,,,0,0,,,0,1,0,0,0,0,0,23
383,225.8574212,-240.5836577,64.36099989,TREES,0,0,0,0,0,0,0,0,0,,0,0,0,0,0,0,0,44
384,225.3821378,-244.7879823,64.65797305,TREES,0,0,,,,0,0,0,0,0,0,0,0,0,0,0,0,9
385,230.3857363,-252.4364228,65.6113434,ROCKS,1,0,1,1,,,,,1,1,1,1,1,1,1,1,1,121
386,227.8587072,-252.8820062,63.3807427,ROCKS,0,0,0,0,0,,,,0,0,0,0,0,0,0,0,0,104
387,226.5034246,-251.6817778,62.68481529,ROCKS,0,0,0,0,0,,,,0,0,0,,,,,0,,0
389,244.7032813,-304.0586527,75.2089223,TREES,1,1,,1,,,1,1,1,,1,1,1,1,1,1,1,129
390,244.5273196,-303.5880217,75.43262746,TREES,0,0,1,,,,0,0,0,,0,0,0,0,0,0,0,50
391,245.4822046,-303.5132447,75.44600576,TREES,0,0,0,0,0,,0,0,0,,0,0,0,0,0,0,0,35
392,246.9438743,-304.0586527,76.06900538,TREES,0,0,,0,,,0,0,0,,0,0,0,0,0,0,0,13
393,246.9268759,-310.6755082,76.31671468,ROCKS,1,1,1,1,1,,1,1,1,,1,1,1,1,1,1,1,162
394,248.6949957,-311.6156341,76.70596503,ROCKS,0,0,0,0,0,,0,0,0,,0,0,0,0,0,0,0,62
396,249.4637272,-312.2916607,77.06667256,ROCKS,0,0,0,0,0,,0,0,0,,0,0,1,0,0,0,0,27
401,247.7109375,-311.6437436,77.22190397,TREES,1,1,1,1,,,1,1,1,,1,1,1,1,1,1,1,6
402,248.0897676,-309.8614882,77.64256244,TREES,0,0,0,0,0,,,0,0,,0,0,0,0,0,0,0,32
403,249.0091502,-310.7844754,78.08486509,TREES,0,0,0,0,0,,0,0,0,,0,0,0,0,0,0,0,36
405,246.7666848,-308.3846681,77.86567902,TREES,1,1,1,1,1,,1,1,1,,1,1,1,1,1,1,1,114
406,250.199206,-311.164269,80.3139676,TREES,0,0,0,0,,,0,,0,,0,0,0,0,,0,0,58
407,252.2199127,-310.3157574,81.20567902,TREES,0,0,0,0,,,0,,0,,0,0,0,,0,0,0,74
408,254.3643501,-309.8615046,81.47483898,TREES,0,0,0,0,,,0,,0,,0,0,0,,0,0,0,42
409,248.1536172,-312.7969637,76.38870654,ROCKS,1,1,1,1,0,,1,1,1,,1,1,1,1,1,1,1,99
410,247.2514814,-312.5636556,75.97383517,ROCKS,0,0,0,0,0,,0,0,0,,0,0,0,0,0,0,0,13
411,245.9145506,-313.0322991,76.19173456,ROCKS,0,0,0,0,0,,0,0,0,,0,0,0,0,0,0,0,17
412,245.9657887,-312.3119338,75.78824636,ROCKS,0,0,0,0,0,,0,0,0,,0,0,0,0,,0,0,124
413,250.3278121,-313.044682,78.03767971,ROCKS,1,1,1,1,,,1,1,1,,1,1,1,1,1,1,1,225
414,252.1555956,-311.7167195,78.90493014,ROCKS,0,0,0,0,,,0,0,0,,0,0,0,0,0,0,0,3
415,253.1295737,-312.3978443,79.08426134,ROCKS,0,0,0,0,,,0,0,0,,0,0,0,,0,0,0,16
416,254.117067,-312.3765341,79.67093582,ROCKS,0,0,0,0,,,0,0,0,,0,0,0,,0,0,0,26
417,249.9714325,-314.7963433,78.13136107,ROCKS,1,1,1,1,,,1,1,1,,1,1,1,1,1,1,1,95
418,250.7188839,-315.5839927,78.03636131,ROCKS,0,0,0,0,,,0,0,0,,0,0,0,0,0,0,0,12
419,251.0341329,-316.2325004,78.35072589,ROCKS,0,0,0,0,,,0,,0,,0,0,0,,0,0,0,15
420,251.5335678,-316.7254197,78.93789542,ROCKS,0,0,0,0,,,0,0,0,,0,0,0,,0,0,0,10
421,249.0222066,-316.1028407,77.66829031,ROCKS,1,1,1,,,,1,1,1,,1,1,1,1,1,1,1,121
422,250.0043389,-317.1377922,78.27392356,ROCKS,0,0,0,,,,0,0,0,,0,0,0,0,0,0,0,21
423,249.7263084,-318.4798486,78.06094082,ROCKS,0,0,0,,,,0,0,0,,0,0,0,0,0,0,0,16
424,249.8578195,-319.454301,78.09239562,ROCKS,0,0,0,,,,0,0,0,,0,0,0,0,0,0,0,0
425,263.4194928,-334.1523993,83.18184065,ROCKS,1,1,1,,1,,1,1,1,1,1,1,1,1,1,1,1,43
426,263.2116635,-333.5488191,82.75126212,ROCKS,0,0,0,,0,,0,0,0,0,0,0,0,0,0,0,0,3
427,262.7823819,-332.978987,82.24691106,ROCKS,0,0,0,,0,,0,0,0,0,0,0,0,0,0,0,0,6
428,262.2376758,-332.4002835,82.53569918,ROCKS,0,0,0,,0,,0,0,0,0,0,0,0,0,0,0,0,0
429,263.7796138,-334.6667054,83.35007303,ROCKS,1,1,1,,0,,1,1,1,1,1,1,1,1,1,1,1,31
430,262.946443,-334.6521623,82.06690706,ROCKS,0,0,0,,0,,0,0,0,0,0,0,0,0,0,0,0,2
431,261.3902893,-332.7318685,82.04503106,ROCKS,0,0,0,,0,,0,0,0,0,0,0,0,0,0,0,,43
432,258.4286763,-328.6185707,81.92615797,ROCKS,0,0,,,,,0,0,0,0,0,0,0,,0,0,0,330
433,263.7079046,-335.411434,83.40239039,ROCKS,1,1,1,,,,1,1,1,1,1,1,1,1,1,1,1,39
434,263.4150273,-334.9427322,82.40532392,ROCKS,0,0,0,,0,,0,0,0,0,0,0,0,0,0,0,0,22
435,262.1398537,-334.696832,82.1504078,ROCKS,0,0,0,,0,,0,0,0,0,0,0,0,0,0,0,0,15
436,261.8999065,-335.1573364,82.30535929,ROCKS,0,0,0,,0,,0,0,0,0,0,0,0,0,0,0,0,0
437,264.4194329,-333.9196838,85.2379581,TREES,1,1,1,,1,,1,1,1,1,1,1,1,1,1,1,1,112
438,263.5427672,-333.6348378,85.46778391,TREES,0,0,0,,,,0,0,0,0,0,0,0,0,0,0,0,65
439,262.2711517,-332.8250799,84.40775931,TREES,0,0,0,,,,0,0,0,0,0,0,0,0,0,,0,18
441,264.3791811,-334.5777951,84.0484753,ROCKS,1,1,1,,1,,1,1,1,1,1,1,1,,1,1,1,23
442,264.1636651,-333.6442923,83.89673387,ROCKS,0,0,0,,0,,0,0,0,0,0,0,0,0,0,0,0,30
443,264.1146987,-331.8310398,83.8070539,ROCKS,0,0,0,,,,0,0,0,0,0,0,0,,0,0,0,58
444,264.5854334,-329.8538419,83.71782962,ROCKS,0,0,0,,,,0,0,0,0,0,0,0,,0,0,0,61
445,264.9101573,-335.5977908,85.88873967,TREES,1,1,1,,,,1,1,1,1,1,1,1,1,0,1,1,42
446,266.6515805,-336.4284071,86.09152489,TREES,0,0,0,,,,0,0,0,0,0,0,0,0,0,0,0,79
447,270.0467675,-339.0624782,86.539952,TREES,0,0,0,,,,0,0,0,0,0,0,0,0,0,0,0,54
448,271.4296485,-337.9706916,86.74060638,TREES,0,0,0,,,,0,0,0,0,0,0,0,0,0,0,0,18
449,263.7225299,-335.4308807,85.10990585,ROCKS,1,1,1,,,,1,1,1,1,1,1,1,1,1,1,1,96
450,262.3838895,-336.701203,84.08695755,ROCKS,0,0,0,,0,,0,0,0,0,0,0,0,,0,0,0,34
451,262.6943961,-337.4487068,84.28563731,ROCKS,0,0,0,,0,,0,0,0,0,0,0,0,,0,0,0,0
452,266.6752358,-335.0421496,85.00590535,ROCKS,0,0,0,,,,0,0,0,,0,0,,,0,,0,12
453,264.9741319,-336.0466112,85.13547595,ROCKS,1,1,1,,,,1,1,1,1,1,1,1,1,1,1,1,212
454,265.3316999,-337.5359892,84.57798311,ROCKS,0,0,0,,0,,0,0,0,0,0,0,0,0,0,0,0,25
455,263.4598871,-339.151273,84.274234,ROCKS,0,0,0,,0,,0,0,0,0,0,0,0,0,0,0,0,1
456,263.7427548,-340.985395,84.42012621,ROCKS,0,0,0,,0,,0,0,0,0,0,0,0,0,0,0,0,0
457,266.380183,-337.1650347,85.61687937,ROCKS,1,1,1,,,,1,1,1,1,1,1,1,1,1,1,1,177
458,266.8920457,-336.3458831,85.35806033,ROCKS,0,0,0,,,,0,0,0,0,0,0,0,0,0,0,0,50
459,268.2420675,-336.1750531,85.54324143,ROCKS,0,0,0,,,,0,0,0,0,0,0,0,0,0,0,0,79
460,269.3709779,-336.4470084,85.45568463,ROCKS,0,0,0,,,,0,0,0,0,0,0,0,0,0,0,0,12
461,275.0291752,-327.2155073,88.17944418,ROCKS,1,0,1,,,,1,1,1,1,1,1,1,1,1,1,1,155
462,276.6540384,-328.8689802,88.80060989,ROCKS,0,0,0,,,,0,0,0,0,0,0,0,0,0,0,0,60
463,277.1866817,-329.2274147,89.19521682,ROCKS,0,0,0,,,,0,0,0,0,0,0,0,0,0,0,0,20
464,277.6936719,-329.880004,89.55094495,ROCKS,0,0,0,,,,0,0,0,0,0,0,0,0,0,0,0,58
465,276.7896419,-330.5264637,90.34444418,ROCKS,1,0,1,,,,1,1,1,1,1,1,1,1,1,1,0,252
466,276.4182248,-330.0678017,89.1861357,ROCKS,0,0,0,,,,0,0,0,0,0,0,0,0,0,0,0,49
467,275.9033826,-329.2125302,88.96672022,ROCKS,0,0,0,,,,0,0,0,0,0,0,0,0,0,0,0,59
468,276.0197473,-328.9822939,88.49411931,ROCKS,0,0,0,,,,0,0,0,0,0,0,0,0,0,0,0,50
469,270.3241763,-330.6393188,89.43564383,ROCKS,1,1,1,,,,1,1,1,1,1,1,1,,1,1,1,134
470,269.2676341,-332.0935242,90.01968595,ROCKS,0,0,0,,,,0,0,0,0,0,0,0,,0,0,0,0
471,269.3813086,-334.1581489,91.62455565,ROCKS,0,0,,,,,0,0,0,0,0,0,0,,0,0,0,111
472,270.4055764,-333.747866,91.02007067,ROCKS,0,0,0,,0,,0,0,0,0,0,0,0,,0,0,0,0
473,271.0158493,-331.5088709,90.30372651,ROCKS,1,1,1,,,,1,1,1,1,1,1,1,,1,1,1,22
474,271.3574572,-333.1879277,90.15381863,ROCKS,0,0,0,,0,,0,0,0,0,0,0,0,,,0,0,0
475,271.431019,-333.8634155,90.51290029,ROCKS,0,0,0,,0,,0,0,0,0,0,0,0,,0,0,0,0
476,271.1330126,-334.8639908,90.95629327,ROCKS,0,0,0,,0,,0,0,0,0,0,0,0,,0,0,0,0
477,276.1362272,-335.8053781,91.84689074,ROCKS,1,1,1,,1,,1,1,1,1,1,1,1,1,1,1,1,164
478,278.6247103,-335.8053781,91.759991,ROCKS,0,0,0,,0,,0,0,0,0,0,0,0,,0,0,0,54
479,279.9491021,-336.0385835,91.84689074,ROCKS,0,0,0,,0,,0,0,0,0,0,0,0,,0,0,0,21
480,280.6010605,-336.000317,92.15939974,ROCKS,0,0,0,,0,,0,0,0,0,0,0,0,,0,0,0,10
481,285.7942722,-343.0832371,99.4430391,TREES,1,1,1,,1,,1,1,1,1,1,1,1,1,1,1,1,68
482,288.102082,-343.6372932,99.86153121,TREES,0,0,0,,0,,0,0,0,0,0,0,0,0,0,0,0,32
483,288.8987556,-344.768834,100.8702902,TREES,0,0,0,,0,,0,0,0,0,0,0,0,0,0,0,0,40
484,289.3018006,-344.290976,101.0176856,TREES,0,0,0,,0,,0,0,0,0,0,0,0,0,0,0,0,6
485,285.1180198,-344.523429,104.8681751,ROCKS,1,0,,,0,,0,1,0,0,0,0,0,1,0,0,1,671
486,288.9607249,-343.7764828,105.073332,ROCKS,0,0,,,0,,0,0,0,0,0,0,0,0,0,0,0,42
487,289.5946088,-344.6797549,104.9463618,ROCKS,0,0,,,0,,0,0,0,0,0,0,0,,0,,0,46
488,291.4521594,-345.1891739,104.9793469,ROCKS,0,0,,,0,,0,0,0,0,0,0,0,0,0,0,0,37
489,295.1409327,-345.1364566,105.7467049,ROCKS,1,0,0,,,,1,0,0,0,0,0,0,1,0,1,1,91
490,295.3493564,-345.9723986,105.6256243,ROCKS,0,0,0,,0,,0,0,0,0,0,0,0,0,0,0,0,56
491,295.8872994,-346.4829378,105.3912823,ROCKS,0,0,0,,0,,0,0,0,0,0,0,0,0,0,0,0,23
492,296.0728771,-346.8891891,105.5029663,ROCKS,0,0,0,,0,,0,0,0,0,0,0,0,0,0,0,0,31
493,295.9638195,-345.4773075,106.9286855,TREES,1,0,0,,,,0,0,0,0,1,0,0,1,0,1,1,128
494,295.7850385,-342.9206204,108.4686493,TREES,0,0,0,,,,0,0,0,0,0,0,0,0,0,0,0,55
495,297.5607228,-344.2296698,108.0986855,TREES,0,0,0,,0,,0,0,0,0,0,0,0,0,0,0,0,69
496,298.6462008,-346.8146934,107.9607365,TREES,0,0,0,,0,,0,0,0,0,0,0,0,0,0,0,0,66
501,24.4689199,-6.10078693,4.901883091,ROCKS,1,1,1,1,1,1,1,,1,1,1,1,1,1,1,1,1,201
502,23.92218829,-4.255051937,3.553978466,ROCKS,0,0,0,0,0,0,0,0,0,0,0,0,0,0,0,0,0,70
503,22.92214206,-1.851049739,2.793017965,ROCKS,0,0,0,0,0,0,0,0,0,0,0,0,0,0,0,0,0,43
504,22.8809254,-0.906690951,2.925006663,ROCKS,0,0,0,0,,0,0,0,0,0,0,0,0,0,0,0,0,17
505,24.08148928,-8.111868492,5.832979988,ROCKS,1,1,1,0,1,0,0,1,1,1,1,1,1,1,1,1,0,68
506,23.45670096,-8.793705297,5.084088723,ROCKS,0,0,0,0,0,0,0,0,0,0,0,0,0,0,0,0,0,7
507,23.19440055,-9.289074992,5.114051307,ROCKS,0,0,0,0,0,0,0,0,0,0,0,0,0,0,0,0,0,1
508,22.53432308,-9.771001119,5.182475828,ROCKS,0,0,0,,0,0,0,0,0,0,0,0,0,0,0,0,0,3
509,23.60596067,-7.910018573,5.592087579,ROCKS,1,1,1,1,1,1,1,1,1,1,1,1,1,1,1,1,0,189
510,22.46567691,-6.769734811,3.801108549,ROCKS,0,0,0,0,0,0,0,0,0,0,0,0,0,0,0,0,0,42
511,21.33678687,-6.899717304,4.215228257,ROCKS,0,0,0,0,0,0,0,0,0,0,0,0,0,0,0,0,0,3
512,20.46846294,-6.890583763,4.053757106,ROCKS,0,0,0,0,0,0,0,0,0,0,0,0,0,0,0,0,0,7
513,24.2322797,-8.674625982,6.045032477,ROCKS,1,1,1,0,1,1,1,1,1,1,1,1,1,1,1,1,0,129
514,24.28326827,-9.842456385,5.256570483,ROCKS,0,0,0,0,0,0,0,0,0,0,0,0,0,0,0,0,0,8
515,23.15197734,-11.34846813,5.052049606,ROCKS,0,0,0,0,0,0,0,0,0,0,0,0,0,0,0,0,0,0
516,23.34897456,-12.21736937,5.066696486,ROCKS,0,0,0,0,0,0,0,0,0,0,0,0,0,0,0,0,0,0
517,26.12947539,-11.23853881,6.100705653,ROCKS,1,1,1,1,1,1,1,1,1,1,1,1,1,1,1,1,1,72
518,25.28319051,-11.11206069,5.302767572,ROCKS,0,0,0,0,0,0,0,0,0,0,0,0,0,0,0,0,0,16
519,24.50518952,-11.554268,4.942081252,ROCKS,0,0,0,0,0,0,0,0,0,0,0,0,0,0,0,0,0,0
520,24.12833278,-12.56306621,4.930254691,ROCKS,0,0,0,0,0,0,0,0,0,0,0,0,0,0,0,0,0,0
521,28.92444553,-15.81424272,6.217331352,ROCKS,1,1,1,1,0,0,0,0,0,1,1,,1,1,1,1,1,49
522,28.65787094,-18.35053056,6.440450053,ROCKS,0,0,0,0,0,0,0,0,0,0,0,0,0,0,0,0,0,47
523,28.64860189,-19.31916847,6.837255346,ROCKS,0,0,0,0,0,0,0,0,0,0,0,0,0,0,0,0,0,33
524,29.55337461,-20.28930563,7.177883363,ROCKS,0,0,0,0,0,0,0,0,0,0,0,0,0,0,,0,0,18
525,27.03104486,-14.25195912,6.382139737,TREES,1,1,1,1,1,1,,,,1,1,1,1,1,1,1,1,24
526,28.20143522,-12.72667672,7.492139737,TREES,0,0,0,0,0,,,0,0,0,0,0,0,0,0,0,0,15
527,28.80605845,-12.56753412,7.523209043,TREES,0,0,0,0,0,0,0,0,0,0,0,0,0,0,0,0,0,45
529,27.14098371,-14.09495018,6.526575342,TREES,1,1,1,1,1,1,1,1,1,1,1,1,1,1,1,1,1,34
531,25.03374462,-11.02889829,5.80340925,TREES,0,,0,0,0,0,0,0,0,0,0,0,0,0,0,0,0,57
532,24.26114025,-9.825406686,6.526575342,TREES,0,,0,,0,0,0,0,0,0,0,0,0,0,0,0,0,53
533,26.98898527,-16.66155163,6.000439642,ROCKS,1,1,1,1,1,,1,1,1,1,1,1,1,1,1,0,0,19
534,27.46666544,-15.93985561,5.719234177,ROCKS,0,0,0,0,0,,0,0,0,0,0,0,0,0,1,0,0,68
535,28.04329015,-15.1834707,5.87348286,ROCKS,0,1,0,0,0,0,0,0,0,0,0,0,0,,0,0,,37
536,28.6406404,-15.41694021,6.365100815,ROCKS,0,0,0,0,0,0,0,0,0,0,0,0,0,0,0,0,0,16
537,30.91774482,-22.33403092,7.666475837,ROCKS,1,1,1,1,1,,1,1,,1,1,1,1,1,1,1,1,73
538,30.72181001,-21.5179037,6.986809814,ROCKS,0,0,0,0,0,0,0,0,0,0,0,0,0,0,0,0,0,9
539,30.12477852,-21.35479909,6.909369866,ROCKS,0,0,0,0,0,0,0,0,,0,0,0,,0,0,0,,0
540,29.74995023,-21.14567452,6.959252494,ROCKS,0,0,0,0,0,0,0,0,0,0,0,0,,0,,0,0,14
541,31.56411989,-23.32936124,7.186979397,ROCKS,1,1,1,1,1,0,1,1,0,1,1,1,1,1,1,1,0,5
542,31.08601099,-23.20125235,6.69200465,ROCKS,0,0,0,0,0,0,0,0,0,0,0,0,0,0,0,0,0,8
543,31.44161127,-23.50432168,5.975665861,ROCKS,0,0,0,0,0,0,0,0,0,0,0,0,0,0,0,0,0,56
545,31.66536009,-23.39764862,7.815220794,ROCKS,1,1,1,0,0,,0,0,,0,0,1,0,0,1,0,0,9
546,31.16400914,-23.99513543,7.308706492,ROCKS,0,0,0,0,0,0,0,0,0,0,0,0,0,0,0,0,0,33
547,30.89831598,-24.37942032,6.910031506,ROCKS,0,0,0,0,0,0,0,0,0,0,0,0,0,0,0,0,0,47
549,31.05526079,-25.12051591,6.843414659,ROCKS,1,1,1,1,0,1,1,1,,0,0,1,1,0,0,0,,16
550,30.90149125,-25.133969,6.30510811,ROCKS,0,0,0,0,0,0,0,0,0,0,0,0,0,0,0,0,0,30
551,30.66982179,-25.54858928,6.050578005,ROCKS,0,0,0,0,0,0,0,0,0,0,0,0,0,0,0,0,0,0
552,30.22529261,-26.16392891,6.1345126,ROCKS,0,0,0,0,0,0,0,0,0,0,0,,,,,,,5
553,31.22560117,-25.27389108,8.143360893,ROCKS,1,1,1,1,1,,1,1,1,1,1,1,1,1,1,1,1,206
554,31.96743548,-23.48294464,9.657888123,ROCKS,0,0,0,0,1,0,0,0,0,0,0,0,0,0,0,0,0,6
555,32.3322246,-23.00497681,9.782724389,ROCKS,0,0,0,0,0,0,0,0,0,0,0,0,0,0,0,0,0,13
556,33.06913451,-22.64105262,10.1517549,ROCKS,0,0,0,0,0,1,0,0,0,0,0,0,0,0,0,0,0,0
557,31.02843322,-26.12791931,7.529634106,ROCKS,1,1,1,0,1,0,0,1,1,1,1,1,0,1,1,1,1,47
558,30.64771032,-26.84395495,6.961793434,ROCKS,0,0,0,0,0,0,0,0,0,0,0,0,0,0,1,0,0,137
559,31.21067555,-27.51218724,6.315924903,ROCKS,0,0,0,0,0,0,0,0,0,0,0,0,0,0,0,0,0,4
560,31.74140417,-28.45994222,6.784086259,ROCKS,0,0,0,0,0,0,0,0,0,0,0,0,0,0,,0,0,85
561,33.69762845,-37.59910309,9.062835549,ROCKS,1,1,1,1,1,0,1,1,1,1,1,1,1,1,1,0,0,24
562,33.62441373,-38.43595111,9.547835549,ROCKS,0,0,0,0,,,1,1,1,1,1,1,1,1,1,1,0,93
563,35.02923299,-37.7156034,10.14526662,ROCKS,0,0,,0,0,0,0,0,0,0,0,0,0,0,0,0,0,0
564,35.4964016,-37.48908542,10.32470371,ROCKS,0,0,0,0,0,0,0,0,0,0,0,0,0,0,,0,0,1
569,44.2019518,-42.3369254,12.21178545,ROCKS,1,1,1,1,1,0,0,1,1,1,1,1,1,0,1,0,0,26
570,44.40175332,-41.81642464,12.05191578,ROCKS,0,0,0,0,0,0,0,0,0,0,0,0,0,0,0,0,0,40
571,44.65599297,-40.51586576,10.63695581,ROCKS,0,0,0,0,0,0,0,0,0,0,0,0,0,0,0,0,0,58
572,45.48019847,-38.72726816,10.58634396,ROCKS,0,0,0,0,0,0,0,0,0,0,0,0,0,0,0,0,0,24
573,44.31947171,-43.68018408,12.62402955,ROCKS,1,1,1,1,1,0,1,1,1,1,1,1,1,0,1,0,0,24
574,45.32676594,-43.61857532,11.42133978,ROCKS,0,0,0,0,0,0,0,0,0,0,0,0,0,0,0,0,0,20
575,46.05223684,-42.30188046,11.1861825,ROCKS,0,,,0,0,,0,0,0,0,0,0,0,0,0,0,0,50
576,46.93933823,-43.24176878,11.91227718,ROCKS,0,0,0,0,0,0,0,0,0,0,0,0,0,0,0,0,0,245
577,48.98975475,-40.98379491,11.76989738,ROCKS,1,1,1,1,1,,1,1,1,1,1,1,1,1,1,1,1,129
578,48.34159392,-40.22489609,11.12177692,ROCKS,0,0,0,0,0,0,0,0,0,0,0,0,0,0,0,0,0,13
579,47.17730625,-40.09980471,10.9958226,ROCKS,0,0,0,0,0,0,0,0,0,0,0,,,0,,,,28
580,45.88837582,-39.60297205,10.73197782,ROCKS,0,0,,0,0,0,0,0,0,0,0,,0,,1,0,0,46
585,62.20136962,-65.04188029,17.85993047,ROCKS,1,1,1,1,0,1,0,0,0,0,0,0,0,0,,0,0,207
587,62.13812516,-67.45708874,17.25754495,ROCKS,0,0,0,0,0,0,0,0,0,0,0,0,0,0,0,0,0,53
588,62.85893837,-68.27393394,17.21881225,ROCKS,0,0,,0,0,0,0,0,0,0,0,0,0,0,0,0,0,16
589,63.38056019,-66.5511754,17.9938629,ROCKS,1,1,1,1,1,1,1,1,1,1,1,1,1,1,1,1,1,80
590,65.12983264,-65.65987657,17.61224491,ROCKS,0,0,0,0,0,0,0,0,0,0,0,0,0,0,0,0,0,26
591,65.85078839,-65.77231544,17.76725797,ROCKS,0,0,0,0,0,0,0,0,0,0,0,0,0,0,0,0,0,14
592,66.88807721,-65.86938315,18.43259254,ROCKS,0,0,0,0,0,0,0,0,0,0,0,0,0,0,0,0,0,331
593,64.56002565,-66.66658399,17.48896051,TREES,1,1,1,1,1,1,1,1,1,1,1,1,1,1,1,1,1,44
594,66.77343118,-66.66658399,18.87204979,TREES,0,0,0,0,0,0,0,0,0,0,0,0,0,0,0,0,0,5
595,67.32480131,-67.27952,19.12396051,TREES,0,0,0,0,0,0,0,0,0,0,0,0,0,0,0,0,0,27
596,64.61925206,-68.36260647,19.18601678,TREES,0,0,0,0,0,0,0,0,0,0,0,0,0,0,0,0,0,69
597,63.83300548,-66.0119721,18.43369589,TREES,1,1,1,1,0,1,1,1,1,1,1,1,1,1,1,1,1,34
598,67.09135015,-64.49258102,19.00311734,TREES,0,0,0,0,0,0,0,0,0,0,0,0,0,0,0,0,0,12
599,68.21773691,-63.48044622,18.69903919,TREES,0,0,0,0,0,0,0,0,0,0,0,0,0,0,0,0,0,48
600,69.64449342,-60.77928485,19.11786847,TREES,0,0,0,0,0,0,0,0,0,0,0,0,0,0,,0,0,51
605,67.14959129,-70.8107553,18.98297992,TREES,1,1,1,0,,0,0,1,1,0,1,0,1,1,0,0,0,22
606,67.93043549,-70.39557307,19.23656629,TREES,0,0,0,0,0,0,0,0,,0,0,0,0,0,0,0,0,62
607,68.51711153,-68.62226542,19.29984021,TREES,0,0,0,0,0,0,0,0,,0,0,0,,0,0,,0,42
609,68.10770463,-73.51734784,18.71624577,ROCKS,1,1,1,1,1,0,1,1,1,1,1,1,1,1,1,1,1,63
610,67.52493763,-75.20982609,18.71624577,ROCKS,0,0,0,0,0,0,0,0,0,0,0,0,0,0,0,0,0,105
611,67.22478677,-75.59737196,18.75568821,ROCKS,0,0,0,0,0,0,0,0,0,0,0,0,0,0,0,0,0,17
612,66.80861274,-75.86097166,18.66947332,ROCKS,0,0,0,0,0,0,0,0,0,0,0,0,0,0,0,0,0,32
613,67.53605365,-73.25078261,18.27459191,ROCKS,1,1,1,1,1,1,1,1,1,1,1,1,1,1,1,1,1,86
614,68.24712405,-71.4908216,17.58371122,ROCKS,0,0,0,0,0,0,0,0,0,0,0,0,0,0,0,0,0,35
615,68.69317394,-70.76933012,17.64247945,ROCKS,0,0,0,0,0,,0,0,0,0,0,0,0,0,0,0,0,14
616,69.20150274,-71.401114,18.66880677,ROCKS,0,0,0,0,0,0,0,0,0,0,0,0,0,0,0,0,0,51
617,75.77423148,-87.92939297,20.24721941,ROCKS,1,1,1,1,1,0,1,1,1,1,1,1,1,1,1,1,1,89
618,76.18207505,-88.24803529,19.56039287,ROCKS,0,0,0,0,0,0,0,0,0,0,0,0,0,0,0,0,0,2
619,76.39352751,-89.32035462,19.53722073,ROCKS,0,0,0,0,0,0,0,0,0,0,0,0,0,0,0,0,0,12
620,76.3309698,-89.69514133,20.57367798,ROCKS,0,0,0,0,0,0,0,0,0,0,0,0,0,0,0,0,0,152
621,75.07825261,-85.74601142,20.2550389,ROCKS,1,1,1,1,1,1,1,1,1,1,1,1,1,1,1,1,1,90
622,74.54429138,-86.38236164,20.03245452,ROCKS,0,0,0,0,0,0,0,0,0,0,0,0,0,0,0,0,0,41
623,74.0426912,-85.26312121,19.36232976,ROCKS,0,0,0,0,0,0,0,0,0,0,0,0,0,0,0,0,0,154
624,72.60375744,-85.30969116,19.23985503,ROCKS,0,0,0,0,0,,0,0,0,0,0,0,0,0,0,0,0,51
625,75.61064718,-86.05961579,21.6108812,TREES,1,,1,1,1,,1,1,1,1,1,1,1,1,1,1,1,104
626,74.59601344,-85.93503443,20.84055797,TREES,0,0,0,0,0,0,0,1,0,0,0,1,0,0,0,0,0,15
629,95.11052609,-99.72293371,25.74552763,ROCKS,1,1,1,1,1,1,1,1,1,1,1,1,1,1,1,1,1,204
630,93.40606147,-98.79748493,24.84112455,ROCKS,0,0,0,0,0,0,0,0,0,0,0,0,0,0,0,0,0,47
631,92.78285645,-98.78249413,24.57487504,ROCKS,0,0,0,0,,0,0,0,0,0,0,0,0,0,0,0,0,147
632,91.44962985,-98.16897545,24.21888016,ROCKS,0,0,0,0,0,0,0,0,0,0,0,0,0,0,0,0,0,29
633,92.65115783,-101.350754,24.75871015,ROCKS,1,1,1,1,1,0,1,1,1,1,1,1,1,1,1,1,1,106
634,92.34695006,-100.7537127,23.83643077,ROCKS,0,0,0,0,0,0,0,0,0,0,0,0,0,0,0,0,0,28
635,92.26154389,-100.1516456,23.77365179,ROCKS,0,0,0,0,0,0,0,0,0,0,0,0,0,0,0,0,0,45
636,91.67847791,-99.26483522,24.01088902,ROCKS,0,0,0,0,0,0,0,0,0,0,0,0,0,0,0,0,0,24
637,100.889095,-111.5707558,26.43636225,ROCKS,1,1,1,1,1,1,1,1,1,1,1,1,1,1,1,1,1,106
638,103.5273473,-111.2234233,25.36124133,ROCKS,0,0,0,0,0,0,0,0,0,0,0,0,0,0,0,0,0,108
639,104.9718202,-110.9969662,25.44655391,ROCKS,0,0,0,0,0,0,0,0,0,0,0,0,0,0,0,0,0,19
640,106.0239952,-110.7574675,25.70570347,ROCKS,0,0,0,0,0,0,0,0,0,0,0,0,0,0,0,0,0,541
641,104.5698741,-121.9649553,28.28159448,ROCKS,1,1,1,1,1,1,1,1,1,1,1,1,1,0,1,0,0,184
642,103.6103455,-122.2220602,27.78631491,ROCKS,0,0,0,0,0,0,0,0,0,0,0,0,0,0,0,0,0,7
643,102.8183128,-120.7155787,26.98884892,ROCKS,0,0,0,0,0,0,0,0,0,0,0,0,0,0,0,0,0,0
644,102.2436891,-119.2889856,27.0607139,ROCKS,0,0,0,0,0,0,0,0,0,0,0,0,0,0,0,0,0,0
645,110.1196978,-124.6717852,29.37036856,ROCKS,1,1,1,1,1,,1,1,1,1,1,1,1,1,1,1,1,438
646,108.4781713,-127.1518612,28.84595106,ROCKS,0,0,0,0,0,0,0,0,0,0,0,0,0,0,0,0,0,359
647,106.3824908,-126.1063645,27.91336275,ROCKS,0,0,0,0,0,0,0,0,0,0,0,0,0,0,0,0,0,118
648,106.9031979,-127.0955917,28.32878774,ROCKS,0,0,0,0,0,0,0,0,0,0,0,0,0,0,0,0,0,162
649,115.3333589,-136.1572902,30.31358876,ROCKS,1,1,1,1,1,,1,1,1,1,1,1,1,1,1,1,1,17
650,116.0719936,-135.4186555,31.01817182,ROCKS,0,0,0,0,0,0,0,0,0,0,0,0,0,0,0,0,0,40
651,116.2541414,-133.7585697,31.67975101,ROCKS,0,0,0,0,0,,0,0,0,0,0,0,0,0,0,0,0,34
652,116.9991537,-132.1357058,32.62808357,ROCKS,0,0,0,0,0,,0,0,0,0,0,0,0,0,0,0,0,106
657,118.0732162,-142.4263385,31.52425111,ROCKS,1,1,1,1,1,1,1,1,1,1,1,1,1,1,1,1,1,126
658,117.3176488,-142.3867409,30.76764685,ROCKS,0,0,0,0,0,0,0,0,0,0,0,0,0,0,0,0,0,50
659,116.9773678,-143.6434014,30.10060301,ROCKS,0,0,0,0,0,0,0,0,0,0,0,0,0,0,0,,0,22
660,115.885247,-142.8914057,29.64731129,ROCKS,0,0,0,0,0,0,0,0,0,0,0,0,0,0,,0,0,11
661,120.2810402,-145.7619966,32.15781069,ROCKS,1,1,1,1,1,1,1,1,1,1,1,1,1,1,1,1,1,72
662,119.7036874,-144.7619922,31.15404038,ROCKS,0,0,0,0,0,0,0,0,,0,0,0,0,0,0,0,0,68
663,119.2511134,-144.3952377,30.56193453,ROCKS,0,0,0,1,0,0,0,0,0,0,0,0,0,0,0,0,0,21
664,118.3683679,-144.2943516,30.40621064,ROCKS,0,0,0,0,0,0,0,0,0,0,0,0,0,0,0,0,0,69
665,120.6761155,-145.8827833,33.7552543,TREES,1,1,1,1,1,1,1,1,1,,1,1,1,1,1,1,1,6
666,120.9372081,-145.832032,34.04048224,TREES,0,0,0,0,0,0,0,0,0,0,0,0,0,1,0,0,0,69
667,121.350036,-144.783045,33.7777679,TREES,0,0,0,0,0,0,0,0,0,0,0,0,0,0,0,0,0,45
668,123.3297973,-145.1717314,34.01978857,TREES,0,0,0,0,0,0,0,0,0,0,0,0,,0,0,,0,29
669,121.3626588,-148.6363581,32.72235347,ROCKS,1,1,1,1,1,1,1,1,1,1,1,1,1,1,1,1,1,134
670,120.9243783,-147.8772339,31.74883374,ROCKS,0,0,0,0,0,,0,,,,0,0,,0,0,0,0,77
671,119.8218119,-146.8638165,31.47355911,ROCKS,0,0,0,0,0,0,0,0,,0,0,0,0,0,0,0,0,101
672,118.8427463,-146.9366557,31.46332497,ROCKS,0,0,0,0,0,0,0,,,0,0,0,0,0,0,0,0,62
673,130.088611,-153.9950277,33.47627343,ROCKS,1,1,1,1,1,1,,1,1,1,1,1,1,1,1,1,1,19
674,130.5164292,-154.2945892,33.97188872,ROCKS,0,0,0,0,0,,0,0,0,0,0,0,0,0,0,0,0,195
675,132.0686808,-155.5420278,34.56884588,ROCKS,0,0,0,0,0,,0,0,0,0,0,0,0,0,0,0,0,6
676,132.364267,-155.6182374,34.83960769,ROCKS,0,0,0,0,0,0,0,0,0,0,0,0,0,0,0,0,0,29
677,129.3030195,-153.1686983,33.27528892,ROCKS,1,0,0,0,0,0,0,0,0,0,0,0,0,0,0,0,0,77
678,129.6609846,-153.3753696,33.39381298,ROCKS,0,1,1,1,1,1,1,1,1,1,1,1,1,1,0,1,1,20
679,128.2924431,-152.6426255,33.23550349,ROCKS,0,0,0,0,0,0,0,0,0,0,0,0,0,0,0,0,0,33
680,126.9972531,-152.0190856,33.41031569,ROCKS,0,0,0,0,0,0,0,,0,0,0,0,0,0,0,0,0,1
681,135.322786,-156.615313,36.72552933,ROCKS,1,1,1,1,1,1,1,1,1,1,1,1,1,1,1,1,1,280
682,137.8100759,-157.8284454,36.84635504,ROCKS,0,0,0,0,0,0,0,0,0,0,0,0,0,0,0,0,0,41
683,138.7378901,-158.2078022,37.28868319,ROCKS,0,0,0,0,0,0,0,0,0,0,0,0,0,0,0,0,0,63
684,138.6802767,-158.1809366,38.03739029,ROCKS,0,0,0,0,0,0,0,0,0,0,0,0,0,0,0,0,0,73
685,137.7750327,-159.4074747,37.90796914,ROCKS,1,1,1,1,1,1,1,1,1,1,1,1,1,1,1,1,1,162
686,137.624313,-158.9570209,37.08524501,ROCKS,0,0,0,0,0,0,0,0,0,0,0,0,0,0,0,0,0,28
687,137.2888753,-159.0542606,36.77779622,ROCKS,0,0,0,0,0,0,0,0,0,0,0,0,0,0,0,0,0,21
688,136.3255517,-158.7005155,36.57856566,ROCKS,0,0,0,0,0,0,0,0,0,0,0,0,0,0,0,0,0,46
689,142.033821,-160.6286625,39.47686138,ROCKS,1,1,1,1,1,1,1,1,1,1,1,1,1,1,1,1,1,119
690,141.0264156,-160.4328428,38.63087735,ROCKS,0,0,0,0,0,0,0,0,0,0,0,0,0,0,0,0,0,16
691,140.3060964,-160.1495221,38.46246885,ROCKS,0,0,0,0,0,0,0,0,0,0,0,0,0,0,0,0,0,66
692,139.2926984,-159.9958245,38.10475969,ROCKS,0,0,0,0,0,0,0,0,0,0,0,0,0,0,0,0,0,51
693,142.6689823,-161.143006,39.03310373,ROCKS,1,1,1,1,1,1,1,1,1,1,1,1,1,1,1,1,1,7
694,141.7454384,-161.516142,38.67056238,ROCKS,0,0,0,0,0,0,0,0,0,0,0,0,0,0,0,0,0,32
697,142.9221993,-161.8310298,38.55373728,ROCKS,1,1,1,1,1,1,1,1,1,1,1,1,1,1,1,1,1,2
698,142.8832418,-161.3857441,38.42556591,ROCKS,0,0,0,0,0,0,0,0,0,0,0,0,0,0,0,0,0,5
700,141.9120252,-162.3128582,37.79882686,ROCKS,0,0,0,0,0,0,0,0,0,0,0,0,0,0,0,0,0,6
705,142.9099897,-162.2972965,38.84519288,ROCKS,1,1,1,1,1,1,1,1,1,1,1,1,0,1,1,1,1,33
706,142.2988003,-162.4105737,38.65515127,ROCKS,0,0,0,0,0,0,0,0,0,0,0,0,0,0,0,0,0,11
709,142.6810556,-161.1193107,39.20101075,TREES,1,1,1,1,1,,1,1,1,1,1,1,1,1,1,1,1,16
709,142.6810556,-161.1193107,39.20101075,TREES,1,1,1,1,1,,1,1,1,1,1,1,1,1,1,1,1,3
710,141.4492279,-160.5449,39.15354744,TREES,0,0,0,0,0,0,0,0,0,0,0,0,0,0,0,0,0,10
711,142.0015173,-162.5765855,39.39843909,TREES,0,0,0,0,0,0,0,0,0,0,0,1,0,0,0,0,0,33
713,142.6236281,-161.1102151,39.04126301,TREES,1,1,1,1,1,1,1,0,1,0,1,0,0,0,0,1,1,7
714,144.0307629,-164.7759268,39.80449899,TREES,0,0,0,0,0,0,0,0,0,0,0,0,0,0,0,0,0,12
715,145.4110325,-163.0984514,40.12079683,TREES,0,0,0,,0,,0,0,0,0,1,0,0,0,0,0,0,15
716,146.7559347,-163.2157305,40.68359275,TREES,0,0,0,0,0,0,0,0,0,0,0,0,0,0,0,0,0,13
717,143.5155966,-162.4040813,39.30859045,ROCKS,1,1,1,1,1,1,1,1,1,1,0,1,1,1,1,1,1,91
718,142.8412225,-162.5474239,38.7300816,ROCKS,0,0,0,0,0,0,0,0,0,0,0,0,0,0,0,0,0,15
720,141.4897813,-163.7963856,38.85300163,ROCKS,0,0,0,0,0,0,0,0,0,0,0,0,0,0,0,0,0,7
721,146.4279559,-164.374757,40.24506178,ROCKS,1,1,1,1,1,1,1,1,1,1,1,1,1,1,1,1,1,141
722,146.31639,-165.4362354,39.9789477,ROCKS,0,0,0,0,0,0,0,0,0,0,0,0,0,0,0,0,0,63
723,146.1970923,-163.0654645,40.01063674,ROCKS,0,0,0,0,0,0,0,0,0,0,0,0,0,0,0,0,0,26
724,145.7711089,-162.8994545,40.70813254,ROCKS,0,0,0,0,0,0,0,0,0,0,0,0,0,0,0,0,0,220
725,145.2187197,-165.3539772,39.97069766,ROCKS,1,1,1,1,1,1,1,1,1,1,1,1,1,1,1,1,1,617
726,146.1983415,-165.7008794,39.37069766,ROCKS,0,0,0,0,0,0,0,0,0,0,0,0,0,0,0,0,0,4
727,146.9101063,-165.9199072,39.0223651,ROCKS,0,0,0,,0,0,0,0,0,0,0,0,0,0,0,0,0,0
728,147.2646008,-166.1189007,38.95218765,ROCKS,0,0,0,,0,0,0,0,0,0,0,0,0,0,0,0,0,6
729,150.5531266,-169.4689185,40.81854657,ROCKS,1,1,1,1,1,1,1,0,1,1,0,1,1,1,1,1,1,121
730,151.1105745,-170.0263664,41.33050726,ROCKS,0,0,0,0,0,0,0,0,0,0,0,0,0,0,0,0,0,46
731,152.2875273,-170.5110516,41.51526242,ROCKS,0,0,0,0,0,0,0,0,0,0,0,0,0,0,0,0,0,118
732,152.6950829,-170.5839504,41.2879367,ROCKS,0,0,0,0,0,0,0,0,0,0,0,0,0,0,0,0,0,45
733,157.7732712,-171.1358203,43.96393215,ROCKS,1,1,1,1,1,1,1,1,1,1,1,1,1,1,1,1,1,181
734,157.4628498,-171.7866324,42.76389793,ROCKS,0,0,0,0,0,0,0,0,0,0,0,0,0,0,0,0,0,65
735,156.8644446,-172.7099542,43.03779153,ROCKS,0,0,0,0,0,0,0,0,0,0,0,0,0,0,0,0,0,180
736,155.2482278,-173.038577,42.68652367,ROCKS,0,0,0,0,0,0,0,0,0,1,0,0,0,1,1,0,0,164
737,157.6285355,-172.0007267,43.7614762,TREES,1,1,1,1,1,1,1,1,1,1,1,1,1,1,1,1,1,32
738,156.0346204,-171.9171932,43.64986585,TREES,0,0,0,0,0,0,0,0,0,0,0,0,0,0,0,0,0,43
739,155.5733925,-170.5075779,43.53922906,TREES,0,0,0,0,0,0,0,0,0,0,0,0,0,0,0,0,0,24
740,155.0528752,-170.9600924,43.171007,TREES,0,0,0,0,0,0,0,0,1,0,0,0,0,0,0,0,0,28
741,158.433388,-172.7779637,44.1035511,TREES,1,1,1,1,1,1,1,1,0,1,1,1,1,1,1,1,1,37
742,159.0027604,-171.0256156,45.00221195,TREES,0,0,0,0,0,0,0,0,0,0,0,0,0,0,0,0,0,176
743,157.8425,-170.2185465,45.8421526,TREES,0,0,0,,0,0,0,0,0,0,0,0,0,0,0,0,0,28
744,158.9248818,-169.280803,46.22550797,TREES,0,0,0,0,0,0,0,0,0,0,0,0,0,0,0,0,0,125
745,158.6687899,-173.8854429,43.62295181,TREES,1,1,1,1,1,1,1,1,1,1,1,1,1,1,1,1,1,14
746,158.3675865,-173.5264827,43.76621395,TREES,0,0,0,0,0,0,0,0,0,0,1,0,0,0,0,0,0,6
747,161.8345405,-172.0943474,45.72295181,TREES,0,0,0,0,0,0,0,0,0,0,0,0,0,0,0,0,0,40
748,161.1506213,-171.3154313,45.9431141,TREES,0,0,0,0,0,0,0,0,0,0,0,0,0,0,0,0,0,124
749,159.753298,-172.3927457,44.82115769,TREES,1,1,1,1,1,1,1,1,1,1,1,0,1,0,1,0,,96
750,162.2377757,-166.9410569,45.66315495,TREES,0,0,0,,0,,0,0,0,0,0,0,0,0,0,0,0,22
751,160.7234209,-165.6553943,47.33714003,TREES,0,0,0,,0,,0,0,0,0,0,0,0,0,0,0,0,23
752,162.7389383,-165.0481714,46.96699757,TREES,0,0,0,,0,,,,0,0,,0,,0,0,0,0,27
753,161.6968694,-170.8742612,46.18832082,ROCKS,1,1,1,1,1,1,1,1,1,1,1,1,1,1,1,1,1,676
754,161.7466099,-172.2986412,44.60542234,ROCKS,0,0,0,0,0,0,,,0,0,0,0,,,0,0,0,12
755,161.1430797,-172.3169327,44.21041382,ROCKS,0,0,0,0,0,0,0,0,0,0,0,0,0,0,0,0,0,4
756,160.2829508,-172.6203053,43.98045663,ROCKS,0,0,0,0,0,0,0,0,0,0,0,0,0,0,0,0,0,58
757,161.1870904,-173.496847,43.86587185,ROCKS,1,1,1,1,1,1,1,1,1,1,1,1,1,0,1,1,1,25
758,160.6466668,-173.352041,43.42875221,ROCKS,0,0,0,0,0,,0,0,0,0,0,0,0,0,0,0,0,13
759,160.0766871,-173.7532038,42.87522272,ROCKS,0,0,0,0,0,0,0,0,0,0,0,0,0,0,0,0,0,5
760,159.6337182,-174.2544773,42.36349668,ROCKS,0,0,0,0,0,0,0,0,0,0,,,,,,0,,0
761,161.8599574,-173.3415034,43.19899982,ROCKS,1,1,1,,1,1,1,0,1,1,1,1,1,1,1,1,1,56
762,161.3613712,-174.2050802,42.90362386,ROCKS,0,0,1,1,,1,1,1,0,1,1,1,1,1,1,1,1,44
763,161.4055859,-174.6610941,42.64924798,ROCKS,0,0,0,,,0,0,0,0,0,0,,0,1,1,0,1,108
765,161.6651202,-172.4351487,44.53289451,TREES,1,1,1,1,1,1,1,1,1,1,1,1,1,1,1,1,1,47
766,163.0226393,-172.9698897,44.35374658,TREES,0,0,0,0,,0,0,0,0,0,,0,0,0,1,0,1,16
768,161.6683207,-172.4632398,42.91314125,TREES,0,0,,0,0,,,1,,1,1,1,0,1,1,1,1,14
773,163.2661861,-173.7037435,44.22676947,TREES,1,1,1,1,,0,0,0,0,1,1,1,1,0,1,0,0,22
774,165.2764479,-173.9862674,45.93015664,TREES,0,,0,0,0,1,0,0,0,0,0,0,0,0,0,0,0,10
775,165.9919781,-173.7037435,45.86459055,TREES,0,,0,0,0,0,0,0,0,0,0,0,0,0,0,0,0,13
776,166.60857,-173.2340021,46.33584815,TREES,0,,0,0,0,0,0,0,0,0,0,0,0,0,0,0,0,8
781,162.4741409,-172.9116983,42.76699933,ROCKS,1,1,1,1,1,1,1,1,1,1,1,1,1,1,1,1,1,22
782,162.6979964,-173.269942,42.56096489,ROCKS,0,0,0,0,0,,0,0,0,0,0,0,0,0,0,0,0,5
783,162.8695259,-173.3913387,42.57695772,ROCKS,0,0,0,0,0,,0,0,0,0,0,0,0,0,0,0,0,10
784,163.066813,-173.6982008,42.59335115,ROCKS,0,1,1,0,1,1,0,0,0,1,0,0,0,1,0,0,0,6
785,164.016257,-179.2584784,43.85248757,TREES,1,1,1,1,1,1,1,1,1,1,1,1,1,,1,0,1,39
787,165.9318624,-180.5024871,45.57367853,TREES,0,0,,,,,0,1,0,0,0,0,0,0,0,0,0,44
788,166.6198984,-183.5916655,45.11290064,TREES,0,0,0,0,0,0,0,0,0,0,0,0,0,0,0,0,0,62
789,163.897607,-179.2210682,43.57949919,TREES,1,1,1,1,1,1,1,1,1,1,1,1,1,,1,,1,12
791,172.113425,-182.708476,47.55331619,TREES,0,0,0,0,0,0,0,0,0,0,0,,0,0,0,0,0,79
792,171.9204751,-182.962193,47.52077726,TREES,0,0,0,0,0,0,0,0,0,0,0,,0,0,0,0,0,51
793,164.9639846,-179.2956366,43.62617193,ROCKS,1,1,1,1,1,1,1,1,1,1,1,1,1,1,1,1,1,47
794,164.7010147,-179.8862766,43.0440283,ROCKS,0,0,0,0,0,1,1,,1,1,0,1,0,0,1,0,0,43
795,164.2782085,-178.1078375,43.04398255,ROCKS,0,0,0,0,0,0,0,0,0,0,0,,,,,,,1
796,163.6185486,-178.0842005,42.62261602,ROCKS,0,0,0,0,0,0,0,0,0,0,0,,,,,,,3
797,166.1865504,-179.6742739,43.73365405,ROCKS,1,1,1,1,1,1,1,1,1,1,1,1,1,,1,1,1,19
798,166.4761647,-180.6842789,44.29232521,ROCKS,0,,0,0,0,0,0,0,0,0,0,0,0,,0,0,0,9
799,166.1865504,-181.1676879,43.95684626,ROCKS,0,0,0,0,0,0,0,0,0,0,0,0,0,,0,0,0,14
800,165.7881325,-181.9338142,43.89409394,ROCKS,0,0,0,0,0,0,0,0,0,0,0,0,0,0,0,0,0,10
801,164.138945,-180.6509316,44.60448816,TREES,1,1,1,1,1,1,0,,1,1,1,1,1,1,1,1,1,19
802,163.6938952,-180.8490805,44.237381,TREES,0,0,0,0,0,0,0,0,0,0,0,0,0,0,0,0,0,5
803,166.7355963,-182.4691264,45.36552005,TREES,0,0,0,0,0,0,0,0,0,0,0,0,0,0,0,0,0,21
804,165.5704858,-183.2334996,44.81096733,TREES,0,0,0,0,0,0,0,0,0,0,0,0,0,0,0,0,0,28
805,167.2420933,-179.6742739,44.2831349,ROCKS,1,1,1,1,1,1,1,1,1,1,1,1,1,1,1,1,1,23
806,168.3447731,-180.097553,44.13811038,ROCKS,0,0,0,0,0,0,0,0,0,0,0,0,0,0,0,0,0,1
807,169.5679136,-180.5670727,44.58902695,ROCKS,0,0,0,0,0,0,0,0,0,0,0,0,0,0,0,0,0,21
808,170.704175,-180.4735585,45.79135705,ROCKS,0,0,0,0,0,0,0,0,0,0,0,0,0,0,0,0,0,30
809,170.2836782,-182.2264667,44.91200144,ROCKS,1,0,0,0,0,0,0,0,0,0,0,0,0,0,0,0,1,72
810,170.7422781,-182.2585351,44.89594768,ROCKS,0,0,0,0,0,0,0,0,0,0,0,0,0,0,0,0,0,11
811,171.3775704,-182.7599936,45.23811344,ROCKS,0,0,0,0,0,0,0,0,0,0,0,,,0,,,0,8
812,171.7822957,-182.4907134,45.4961412,ROCKS,0,0,0,0,0,0,0,0,0,0,0,0,0,0,0,0,0,1
813,173.213899,-190.0034778,46.95799976,TREES,1,1,1,1,1,1,1,0,1,1,1,1,1,1,1,1,0,96
814,173.9038203,-191.0458351,46.95799976,TREES,0,0,0,0,0,0,0,0,0,0,0,0,0,0,0,0,0,76
815,174.6650037,-189.6838235,48.14903182,TREES,0,0,,0,0,0,0,0,0,0,0,0,0,0,0,0,0,37
816,174.9980142,-189.3542352,48.10491212,TREES,0,0,0,0,0,0,0,0,0,0,,0,0,0,0,0,0,34
817,165.2246094,-180.4844896,44.11235253,ROCKS,1,1,1,1,1,,1,1,1,1,1,1,1,,1,1,1,3
818,164.8912846,-181.8213824,43.76882344,ROCKS,0,0,0,0,0,0,0,0,0,0,0,0,0,0,0,0,0,4
819,164.8103305,-181.9783309,43.60865483,ROCKS,0,0,0,0,0,0,0,0,0,0,0,0,0,,,,,0
820,163.6034234,-181.8448262,43.87122969,ROCKS,0,0,0,0,0,0,0,0,0,0,0,0,0,0,0,0,0,132
821,165.4453499,-181.0174043,44.05172602,ROCKS,1,0,1,1,1,1,1,1,1,1,1,1,1,1,1,1,1,13
822,165.4846262,-181.4663347,43.91823881,ROCKS,0,0,,0,0,0,0,0,0,0,0,0,0,0,0,0,0,10
823,165.2800891,-182.9063432,43.66594907,ROCKS,0,0,0,0,0,0,0,0,0,0,0,0,0,0,0,0,0,6
824,164.6994018,-183.6188342,43.62309559,ROCKS,0,0,,0,0,0,0,0,0,0,0,0,0,0,0,0,0,26
825,170.5995897,-186.7417676,45.34074782,ROCKS,1,1,1,1,1,1,1,1,1,1,1,1,1,1,1,1,1,38
826,170.1847018,-187.5924137,45.92072123,ROCKS,0,0,0,0,0,,0,0,0,0,0,1,1,1,1,1,0,178
827,170.9436931,-184.5691842,45.30235253,ROCKS,0,0,0,0,0,0,0,0,0,0,0,0,0,0,0,0,0,52
828,170.4386161,-183.6702085,45.04458445,ROCKS,0,0,0,0,0,0,0,0,0,0,0,0,0,0,0,,0,53
829,170.6880967,-188.7651638,46.52117481,ROCKS,1,1,1,1,1,1,1,1,1,1,1,1,1,1,1,1,1,65
830,169.9090698,-189.4916182,46.14397306,ROCKS,0,0,0,0,0,0,0,0,,0,1,,,,,,,0
831,168.8762799,-191.1263695,46.80775361,ROCKS,0,0,0,0,0,0,0,0,0,0,0,0,0,0,0,0,,11
832,168.7532097,-193.1109912,46.68729641,ROCKS,0,0,0,0,0,0,0,0,0,0,0,0,0,0,0,0,0,4
833,169.4627512,-188.6519249,46.28308064,ROCKS,1,1,1,1,1,1,0,0,0,1,1,1,0,1,1,1,0,106
834,169.0069483,-189.8393322,45.89422628,ROCKS,0,0,0,0,0,0,0,0,0,0,0,,0,0,0,0,0,5
837,169.3403572,-187.9577942,47.15348412,TREES,1,1,1,1,1,1,1,,1,1,1,1,1,1,1,1,1,172
838,172.0655735,-190.2042891,49.03137037,TREES,0,0,0,,0,,0,,0,0,0,0,,0,0,,0,2
839,172.7537471,-189.6970032,48.89934267,TREES,0,0,,,,,0,0,0,0,0,0,0,0,0,0,0,1
840,173.437877,-186.1334609,46.68206075,TREES,0,0,0,0,0,0,0,0,0,0,0,,0,0,0,,0,23
841,173.6509837,-189.3431148,47.77804713,TREES,1,1,1,1,1,0,0,0,0,0,,0,0,0,0,0,0,7
842,174.4868732,-190.3046957,47.65536457,TREES,0,,0,0,0,0,0,0,0,0,,0,0,0,0,0,0,30
845,171.7081579,-190.3663391,47.80172656,ROCKS,1,1,,1,1,1,1,1,1,1,1,1,1,,1,1,,115
846,173.2193278,-191.8513616,47.72773962,ROCKS,0,0,0,0,0,0,0,0,0,0,0,0,0,0,0,0,0,0
847,173.549796,-192.7235284,47.11112682,ROCKS,0,0,0,0,0,0,0,0,0,0,0,0,0,0,,0,0,0
848,173.4916761,-194.5680447,46.91446473,ROCKS,0,0,0,0,0,0,0,0,0,0,0,0,0,0,0,0,0,0
849,168.5011863,-189.9279648,45.76393209,ROCKS,1,0,1,1,1,1,,,1,1,,1,1,0,1,,,141
850,170.0876643,-191.3315619,47.38932511,ROCKS,0,0,0,0,0,0,0,0,0,0,0,0,0,0,0,0,0,0
851,172.4007748,-194.5753134,46.88832529,ROCKS,0,0,0,0,0,0,0,0,0,0,0,0,0,0,0,0,0,0
852,172.3291325,-195.6031284,47.40738745,ROCKS,0,0,,0,0,0,0,0,0,0,0,0,0,0,0,0,0,0
853,173.2744236,-190.4484236,48.40378471,ROCKS,1,1,1,1,0,1,0,0,1,1,1,1,1,1,1,1,0,25
854,173.5842212,-191.0697815,47.98660387,ROCKS,0,0,0,,0,0,0,0,0,0,0,0,0,0,0,0,0,4
856,174.0649728,-190.7839919,48.35877579,ROCKS,0,0,,,0,,0,,0,0,0,0,,0,0,,0,3
857,173.6885211,-191.378502,48.3415152,ROCKS,1,1,0,0,1,1,0,0,0,0,0,0,0,0,0,0,1,4
858,171.4771439,-194.849669,46.96441299,ROCKS,0,0,0,0,0,0,0,0,0,0,0,0,0,0,0,0,0,0
859,170.8686619,-195.4056783,47.43033757,ROCKS,0,0,0,0,0,0,0,0,0,0,0,0,0,0,0,0,0,0
860,170.8671998,-195.89356,47.64058955,ROCKS,0,0,0,0,0,0,0,0,0,0,0,0,,0,0,0,0,0
861,173.9317156,-192.1269776,48.27266217,ROCKS,1,1,1,0,0,1,1,1,0,0,0,0,1,0,0,,0,1
862,173.6023165,-192.6975136,47.71986482,ROCKS,0,0,0,0,0,0,0,0,0,0,0,0,0,0,0,0,0,2
865,175.7704292,-189.8025791,48.16222614,ROCKS,1,1,1,1,1,1,1,,1,1,1,1,1,1,1,1,,238
866,176.7596807,-189.3093565,47.6700748,ROCKS,0,0,0,0,0,0,0,0,0,0,0,0,0,,0,0,0,5
867,179.0951941,-188.5595004,47.50435589,ROCKS,0,0,0,0,0,0,0,0,0,0,0,0,0,0,0,0,0,0
869,175.3677167,-193.640207,48.79279424,ROCKS,1,1,1,0,1,1,1,,1,1,0,1,0,0,0,0,0,1
870,176.3104842,-195.1200555,49.31254232,ROCKS,0,0,0,0,0,0,0,0,0,0,0,0,0,0,0,0,0,0
871,177.7746479,-195.4871102,49.77855845,ROCKS,0,0,0,0,0,0,0,0,0,0,0,0,0,0,0,0,0,0
873,176.0413387,-191.3389833,48.69941359,ROCKS,1,1,1,1,0,1,0,0,0,0,0,0,1,0,1,1,,32
874,176.8740518,-191.5543375,48.09715833,ROCKS,0,0,0,0,0,0,0,0,0,0,0,0,0,0,0,0,0,8
875,178.1396722,-191.1184395,47.88950202,ROCKS,0,0,0,0,0,0,0,0,0,0,0,0,0,0,0,0,0,5
876,179.5609842,-191.6778866,48.13937821,ROCKS,0,0,0,0,0,0,0,0,0,0,0,0,0,,,,0,0
877,177.2077958,-192.8591398,49.00289645,ROCKS,1,1,1,1,1,1,1,0,1,1,1,1,1,1,1,1,1,8
878,178.035881,-193.9989013,48.5177999,ROCKS,0,0,0,0,0,0,0,0,0,0,0,0,0,0,0,0,0,0
879,178.5338666,-194.6188952,48.73234651,ROCKS,0,0,0,0,0,0,0,0,0,0,0,0,0,0,0,0,0,0
880,178.4253412,-196.2043182,48.97182999,ROCKS,0,0,0,0,0,0,0,0,0,0,0,0,0,0,0,0,0,1
881,175.0683283,-188.1934546,48.12270919,ROCKS,1,1,1,1,1,1,1,1,1,1,1,,1,,1,1,1,190
882,175.7703066,-188.4770723,48.18894755,ROCKS,0,0,0,0,0,0,0,0,0,0,0,0,0,,0,0,0,11
883,176.4847048,-188.7513802,47.56863656,ROCKS,0,0,0,0,0,0,0,0,0,0,0,0,0,0,0,0,0,9
885,180.3130674,-185.0988995,47.36406972,ROCKS,1,1,1,1,1,1,1,1,1,1,1,1,1,,,1,1,375
886,182.6383178,-186.6673007,47.19252332,ROCKS,0,0,0,0,0,,0,,0,0,0,0,0,0,0,0,0,40
887,183.2779462,-187.1749299,47.30089201,ROCKS,0,0,1,0,0,1,0,0,1,1,1,1,1,1,1,1,1,91
888,185.2086411,-189.2801144,48.67391705,ROCKS,0,0,0,0,0,0,0,,,,0,0,0,0,0,0,,115
889,174.1093833,-188.956234,48.01550763,ROCKS,1,,0,1,1,1,1,,1,1,1,1,1,1,1,1,1,187
890,173.264685,-186.431697,45.82103777,ROCKS,0,,,,,,,0,0,0,0,0,0,0,0,0,1,358
891,174.9273392,-184.8252546,47.19693704,ROCKS,0,0,0,0,0,,,0,0,0,0,0,0,0,0,0,0,227
892,172.7867089,-184.3435203,46.17349637,ROCKS,0,0,0,0,0,0,,,0,0,0,,0,0,,0,0,56
893,181.480687,-184.9864705,49.00858307,TREES,1,1,,1,1,1,1,0,0,1,,1,1,,,,1,87
897,182.8339564,-189.4128153,48.56290032,TREES,1,1,1,1,1,1,1,1,1,1,0,,,,,,,24
898,184.1923241,-189.2460288,49.29058124,TREES,0,0,0,0,0,0,0,0,0,0,0,0,0,0,0,0,,35
900,183.2304339,-187.624421,48.9858083,TREES,0,0,0,0,0,0,0,0,0,1,1,0,0,0,0,0,0,133
901,183.2639307,-190.9123137,49.57592892,TREES,1,1,1,1,1,1,1,,1,1,1,1,1,1,1,1,,385
903,183.8875192,-192.2141458,50.49679966,TREES,0,0,0,,,,0,0,0,,0,0,0,,,0,0,68
904,184.3988825,-193.6398596,49.74289419,TREES,0,0,0,0,0,0,0,0,0,0,0,0,0,0,0,0,0,56
905,182.8982159,-190.8412259,48.0816735,ROCKS,1,,1,1,1,1,,1,,1,1,1,1,,1,1,,130
906,184.1437921,-191.5749264,48.55137933,ROCKS,0,,0,0,0,,0,0,0,0,0,0,0,0,0,0,1,48
908,185.6742919,-194.3245328,48.2612489,ROCKS,0,0,0,0,0,0,0,0,0,0,,,0,0,0,0,0,8
909,184.9701247,-196.494475,49.00022433,TREES,1,1,1,1,1,,1,1,1,1,1,1,,1,1,1,1,49
910,186.7707889,-195.5769907,48.55219433,TREES,0,0,0,0,,,0,0,0,0,,0,,,,,,0
911,187.5367333,-194.6637309,49.33157956,TREES,0,0,0,0,0,0,,,,0,0,,,0,0,,0,13
912,187.3736716,-197.6409081,49.86547191,TREES,0,0,0,0,0,0,0,0,0,0,0,,,0,0,0,,15
917,192.9073237,-214.2139435,52.29629305,ROCKS,1,1,1,1,1,1,1,1,1,1,1,,,1,1,1,1,104
918,192.718834,-212.6788181,52.09267219,ROCKS,0,0,0,0,0,0,0,0,0,0,0,0,,0,0,0,,122
919,192.1552369,-211.8992585,51.41046088,ROCKS,0,0,0,0,0,0,0,0,0,0,0,0,,0,0,0,0,2
920,191.7189094,-210.6621476,51.36247453,ROCKS,0,0,0,,0,0,0,0,0,0,0,0,,0,0,0,0,23
921,192.374696,-215.3059922,51.75533331,ROCKS,1,1,1,1,1,,1,1,1,1,1,1,,1,1,1,1,87
922,193.1168919,-216.1905069,51.46744626,ROCKS,0,0,0,0,0,,0,0,0,0,0,0,,0,0,0,,3
923,193.118558,-216.9767336,51.41637524,ROCKS,0,0,0,0,0,0,0,0,0,0,0,0,,0,0,0,,39
924,192.4903172,-217.5121762,50.81757861,ROCKS,0,0,0,0,0,0,0,0,0,0,0,0,,0,0,0,,36
925,190.501023,-205.6667803,51.66963874,ROCKS,1,1,1,1,1,1,1,1,1,1,1,1,,1,1,1,1,145
926,190.6731753,-204.0288599,50.38290625,ROCKS,0,0,0,0,0,0,0,0,0,0,0,0,,0,,0,0,0
927,190.6609656,-202.6148924,50.37241139,ROCKS,0,0,0,0,0,0,0,0,0,0,0,0,,0,0,0,0,0
929,188.043576,-205.8386217,50.74859332,ROCKS,1,1,1,,1,1,0,0,0,1,0,0,,,,,,3
930,186.1919141,-204.5178442,50.58954856,ROCKS,0,0,0,0,0,0,0,0,0,0,0,0,,0,0,0,0,2
931,185.2440975,-205.0885037,50.84980186,ROCKS,0,0,0,0,0,0,0,0,0,0,0,0,,0,,0,0,9
932,185.3317297,-209.5711579,50.5068012,ROCKS,0,0,0,0,0,0,0,0,0,0,0,0,,0,0,0,0,0
933,198.4098824,-207.4804834,52.97948577,ROCKS,1,0,1,,1,1,1,,1,1,1,1,1,1,1,0,1,233
934,199.8218363,-208.5639137,52.94842048,ROCKS,0,0,0,,0,0,0,0,0,0,0,0,0,0,0,0,0,16
935,199.1664656,-208.6912697,52.48787785,ROCKS,0,0,0,0,0,0,0,0,0,0,0,0,0,0,0,0,1,25
936,197.9854538,-209.8875375,52.70100586,ROCKS,0,0,0,,0,0,0,0,0,0,0,0,0,0,0,0,0,65
937,202.8891947,-213.8951452,55.22695946,ROCKS,1,1,1,1,1,1,1,1,1,1,1,1,1,1,1,1,1,159
938,204.1011859,-214.3603851,55.2949962,ROCKS,0,0,0,0,0,0,0,0,0,0,0,0,0,0,0,0,0,67
939,205.0838974,-214.5871323,55.42828922,ROCKS,0,0,,0,0,0,0,0,0,0,0,0,0,0,0,0,0,37
940,205.3752673,-216.8579313,55.36202051,ROCKS,0,0,0,0,0,0,0,0,0,0,0,0,0,0,0,0,0,87
941,202.0661465,-217.7672824,55.12329874,TREES,1,1,1,1,1,1,1,1,1,1,1,1,1,1,1,0,1,20
942,203.0669537,-218.0828357,55.56873223,TREES,0,0,0,0,0,0,0,0,0,0,0,0,0,0,0,0,1,114
943,202.5216047,-217.140398,55.42074414,TREES,0,0,0,0,0,0,0,0,0,0,0,0,0,0,0,0,0,100
944,201.2794255,-216.6225962,55.41853334,TREES,0,0,0,0,0,0,0,0,0,0,0,0,0,0,0,0,0,30
945,199.9746504,-214.8421381,55.28045108,TREES,1,0,1,0,1,1,0,0,0,1,0,1,1,0,1,0,1,126
946,201.5307,-212.8859157,55.3240821,TREES,0,0,0,,0,0,0,0,0,0,0,0,0,0,0,0,0,26
948,201.3072089,-215.6910714,55.28045108,TREES,0,0,0,0,0,0,0,0,0,0,0,0,0,0,0,0,0,78
949,203.0348045,-220.4286485,55.52133381,TREES,1,1,1,1,1,1,1,1,1,1,1,1,1,1,1,1,1,38
950,203.2827834,-219.8968562,55.5830056,TREES,0,0,0,0,0,,0,0,0,0,0,0,0,0,0,0,0,58
951,204.5882596,-219.0782506,56.35296045,TREES,0,0,0,0,0,,0,0,1,1,1,0,1,0,0,,,12
952,205.9511638,-217.661127,56.0863766,TREES,0,0,0,0,0,,0,0,0,0,0,0,0,0,0,0,0,90
953,203.5433248,-220.598797,55.08710274,ROCKS,1,1,1,1,1,1,1,1,1,1,1,1,1,1,1,1,1,729
954,203.0265429,-219.9718904,54.0089448,ROCKS,0,0,0,0,0,0,0,0,0,0,0,0,0,0,,0,0,22
955,202.6289911,-219.6352903,53.93243885,ROCKS,0,0,0,0,0,0,0,0,0,0,0,0,0,0,0,0,0,4
956,202.2841326,-218.9277925,54.40726535,ROCKS,0,0,0,0,0,0,0,0,0,0,0,0,0,0,0,0,0,40
957,211.2986267,-227.106268,57.23898874,ROCKS,1,0,1,1,1,1,1,1,1,1,1,1,1,1,1,1,1,48
958,211.2583439,-227.7648875,57.03725226,ROCKS,0,0,0,0,0,0,0,0,0,0,0,,0,0,0,0,0,20
959,210.440302,-227.5249009,56.9101649,ROCKS,0,0,0,0,0,0,0,0,0,0,0,0,0,0,0,0,0,14
961,212.3145134,-229.1263426,58.36096852,ROCKS,1,0,1,1,1,1,1,1,1,1,1,1,1,1,1,1,1,60
962,211.4790202,-229.4470584,57.9147707,ROCKS,0,0,0,0,0,0,0,0,0,0,0,0,0,0,0,0,0,74
963,210.5920079,-229.636572,57.74238902,ROCKS,0,0,0,0,0,0,0,0,0,0,0,0,0,0,0,0,0,5
964,208.9660603,-229.3604893,57.33474383,ROCKS,0,0,0,0,0,0,0,0,0,0,0,0,0,0,0,0,0,0
969,212.4398652,-227.9337,58.95887359,TREES,1,0,1,1,1,1,1,1,1,1,1,,1,1,1,1,1,147
970,212.1861473,-230.0000663,58.15971306,TREES,0,0,0,0,0,0,0,0,0,0,0,0,0,0,0,0,0,8
973,211.7121946,-228.1561712,58.53708922,TREES,1,0,1,1,,1,1,1,1,1,1,1,1,1,1,1,1,16
974,211.9021612,-229.0898869,58.42009465,TREES,0,0,0,0,0,0,0,0,0,,0,0,0,0,0,0,0,50
976,213.7535501,-228.5529705,58.82935273,TREES,0,0,0,0,0,0,0,0,0,0,0,0,0,0,0,0,0,11
977,213.1841712,-233.0491152,59.06945308,ROCKS,1,1,1,1,,1,1,,1,0,1,,1,1,0,,0,90
978,211.7873217,-232.4271978,57.95853896,ROCKS,0,0,0,0,0,0,0,0,0,0,0,0,0,0,0,0,0,5
980,209.2844397,-232.0041853,57.91177619,ROCKS,0,0,0,0,0,0,0,0,0,0,0,0,0,0,0,0,0,1
985,215.7309297,-235.3301049,62.62837446,TREES,1,1,1,1,1,1,1,1,1,1,1,1,1,1,1,1,1,39
986,215.8259418,-236.1640155,62.8376369,TREES,0,0,0,0,,0,0,0,0,0,0,0,0,0,0,0,0,54
987,216.7175668,-234.7135856,63.62202997,TREES,0,0,0,0,0,0,0,0,0,0,0,0,0,,0,0,0,46
988,217.952003,-235.0573914,63.31252425,TREES,0,0,0,0,0,0,0,0,0,0,0,0,0,0,0,0,0,26
989,215.5253296,-237.2862599,60.28427846,ROCKS,1,1,1,1,1,1,1,1,1,1,1,,1,1,1,1,1,110
990,215.0116659,-236.3783624,59.08429023,ROCKS,0,0,0,0,0,0,0,0,0,0,,,,,,0,,4
991,214.3830176,-236.4563217,59.01293031,ROCKS,0,0,0,0,0,0,0,0,0,0,0,0,0,0,0,0,0,46
993,216.7597592,-238.6952544,61.48501158,ROCKS,1,1,1,1,1,1,1,,1,1,,0,1,,0,1,1,170
994,216.9835049,-240.3947718,60.3068866,ROCKS,0,0,0,0,0,0,0,0,0,0,,0,0,,0,0,0,0
995,216.7597592,-241.205495,60.178263,ROCKS,0,0,0,0,0,0,0,0,0,0,,,0,,0,0,0,0
996,216.8686043,-241.8121698,59.9638637,ROCKS,0,0,0,0,0,0,0,0,0,0,,0,0,,0,0,0,1
997,213.3800106,-241.846921,59.71109023,ROCKS,1,0,1,1,0,,,,,1,,,,,0,1,0,5
998,215.3891857,-243.532819,60.85151256,ROCKS,0,0,0,0,0,0,,,,,,,,,0,0,0,16
999,216.3986041,-245.5087677,62.02568988,ROCKS,0,0,0,0,0,,,,,,,,,,0,0,0,16
1000,216.8367808,-246.7837005,62.14603308,ROCKS,0,0,0,0,0,,,,,,,,,,0,0,0,0
1001,150.8630729,-195.8486906,46.43201274,ROCKS,,,,,,,,,1,1,1,1,0,0,0,0,1,47
1002,150.6475047,-195.3151405,45.79290819,ROCKS,,,,,,,,,0,0,0,0,0,0,0,0,0,8
1003,151.4039323,-194.7147554,45.79188613,ROCKS,,,,,,,,,0,0,0,0,0,0,0,0,0,17
1004,152.5136238,-194.9337753,45.80057647,ROCKS,,,,,,,,,0,0,0,0,0,0,0,0,0,9
1005,150.2236551,-191.8115658,44.52600438,TREES,,,,,,,,,1,1,1,1,0,1,,,1,9
1006,151.3192377,-191.6673296,46.04695633,TREES,,,,,,,,,0,0,0,0,0,0,0,,0,0
1007,147.2157893,-194.3805258,46.62923698,TREES,,,,,,,,,0,0,0,0,0,0,0,0,0,7
1008,146.7710834,-194.4132652,46.54189348,TREES,,,,,,,,,0,0,0,0,0,0,0,0,0,20
1009,159.2493451,-191.1657008,45.39491267,ROCKS,,,,,,,,,1,1,1,1,1,0,0,0,0,6
1010,158.4216518,-191.5342136,45.23515634,ROCKS,,,,,,,,,0,0,0,0,0,0,0,0,0,4
1011,158.3580574,-192.5381636,45.06196822,ROCKS,,,,,,,,,0,0,0,0,0,0,0,0,0,0
1012,156.0762507,-193.6896941,45.04018879,ROCKS,,,,,,,,,0,0,0,0,0,0,0,0,0,3
1013,160.7969072,-209.2343498,50.61336467,ROCKS,,,,,,,,,1,1,1,1,1,1,1,1,1,13
1014,160.4033416,-208.3292109,49.89626666,ROCKS,,,,,,,,,0,0,0,0,0,0,0,0,0,11
1015,159.0392864,-208.1360664,49.81778782,ROCKS,,,,,,,,,0,0,0,0,0,0,0,0,0,10
1016,159.8821836,-210.2502534,49.72560304,ROCKS,,,,,,,,,0,0,0,0,0,0,0,0,0,39
1017,165.1963583,-207.8084496,50.42313985,ROCKS,,,,,,,,,1,1,1,1,1,1,1,1,1,2
1018,164.1951948,-208.5225726,51.13313985,ROCKS,,,,,,,,,0,0,1,0,1,1,1,1,1,7
1019,163.911589,-207.0666877,50.64485396,ROCKS,,,,,,,,,0,0,0,0,0,0,,0,0,3
1020,163.3610994,-207.6640116,50.96844931,ROCKS,,,,,,,,,0,0,0,0,0,0,,0,0,1
1021,166.5065928,-207.9769059,50.84920121,TREES,,,,,,,,,1,0,0,1,1,,1,,1,1
1022,166.8429781,-208.1446214,50.98600926,TREES,,,,,,,,,0,0,0,0,0,,0,0,0,1
1023,169.0189452,-208.2631523,51.40977981,TREES,,,,,,,,,0,0,0,0,0,,0,0,0,0
1024,169.6881577,-205.8309132,50.71518714,TREES,,,,,,,,,0,0,0,0,0,0,0,0,0,0
1025,176.792775,-206.744289,53.34249342,TREES,,,,,,,,,1,1,1,1,1,1,1,1,1,4
1026,176.6079504,-204.3958699,54.08523675,TREES,,,,,,,,,0,0,0,0,0,0,0,0,0,9
1027,173.8374471,-202.6010721,53.25366067,TREES,,,,,,,,,0,0,0,,0,0,0,0,0,0
1028,172.7519738,-202.7034878,53.59199632,TREES,,,,,,,,,0,0,0,0,0,0,0,0,0,0
1029,177.8416319,-204.3885179,55.66437663,TREES,,,,,,,,,1,1,1,1,1,1,1,1,1,57
1030,178.2572138,-203.5172321,55.35072438,TREES,,,,,,,,,0,0,0,0,0,0,0,0,0,24
1031,179.8473393,-204.1953902,56.09267471,TREES,,,,,,,,,0,0,0,,0,0,0,0,0,12
1032,174.5909824,-202.6601169,54.02522795,TREES,,,,,,,,,0,0,0,0,0,0,0,0,0,0
1033,188.6890766,-250.1743744,64.78799295,ROCKS,,,,,,,,,1,1,1,1,1,1,1,1,0,270
1034,189.3339679,-250.2081717,64.3686209,ROCKS,,,,,,,,,0,0,0,0,0,0,0,0,0,22
1035,190.4364027,-250.3889191,64.5248922,ROCKS,,,,,,,,,0,0,0,0,0,0,0,0,0,67
1036,189.0624957,-251.6182789,64.55177691,ROCKS,,,,,,,,,0,0,0,0,0,0,0,0,0,64
1045,272.8326497,-350.4024321,98.63446184,ROCKS,,,,,,,,,1,1,1,1,1,1,0,1,1,167
1046,273.3422698,-348.9223876,97.45490439,ROCKS,,,,,,,,,0,0,0,0,0,0,0,0,0,3
1047,272.4629899,-348.5006973,97.37634566,ROCKS,,,,,,,,,0,0,0,0,0,0,0,0,0,18
1048,271.0826391,-347.5466743,96.37532251,ROCKS,,,,,,,,,0,0,0,0,0,0,0,0,0,22
1057,264.8736978,-335.1651126,86.73603001,TREES,,,,,,,,,1,1,1,1,1,1,1,1,1,33
1058,266.2579339,-335.0440077,86.77241597,TREES,,,,,,,,,0,0,0,0,0,0,0,0,0,8
1059,266.1368675,-333.394214,85.90103269,TREES,,,,,,,,,0,0,0,0,0,0,0,0,0,12
1060,268.1249392,-329.9620388,85.65420186,TREES,,,,,,,,,0,0,0,0,0,0,0,,0,0
1061,28.52691959,-15.20210645,6.204591095,ROCKS,,,,,,,,,1,1,1,,,,,,,8
1062,28.8399156,-16.4574649,7.179531432,ROCKS,,,,,,,,,0,0,0,0,0,0,0,0,0,14
1063,28.37015434,-17.44395391,7.205163237,ROCKS,,,,,,,,,0,0,0,0,0,0,0,0,0,9
1064,28.91182763,-20.09282677,7.70445794,ROCKS,,,,,,,,,0,0,0,0,0,,,,,5
1065,49.84199742,-41.94708002,12.72161383,ROCKS,,,,,,,,,1,1,1,1,1,1,1,1,1,36
1066,50.31650177,-41.74566488,12.5028044,ROCKS,,,,,,,,,0,0,0,0,0,0,0,0,0,13
1067,50.76956384,-42.15271654,13.14461994,ROCKS,,,,,,,,,0,0,0,0,0,0,0,0,0,72
1068,50.01428333,-44.41088326,13.31456506,ROCKS,,,,,,,,,0,0,0,0,0,0,0,0,0,28
1069,113.4344879,-132.4813775,30.30021734,ROCKS,,,,,,,,,1,1,1,1,0,0,1,1,1,10
1070,114.3206078,-132.7864931,30.58674161,ROCKS,,,,,,,,,0,0,0,0,0,0,0,0,0,9
1071,114.4295528,-133.5484539,30.1210694,ROCKS,,,,,,,,,0,0,0,0,0,0,0,0,0,17
1072,115.1867611,-134.2645037,30.30021734,ROCKS,,,,,,,,,0,0,0,0,0,0,0,0,0,24
1073,113.6221195,-132.6227681,31.40552413,TREES,,,,,,,,,1,1,1,1,1,1,1,1,1,102
1074,114.4876979,-132.798872,31.72702306,TREES,,,,,,,,,0,0,0,0,0,0,0,0,0,7
1075,115.5476974,-134.9586808,31.77722563,TREES,,,,,,,,,0,0,0,0,0,0,0,0,0,33
1076,116.3871002,-135.7480102,32.5236224,TREES,,,,,,,,,0,0,0,0,0,0,0,0,0,40
1077,113.3563109,-133.2806676,31.38074549,TREES,,,,,,,,,1,1,1,1,0,1,1,1,1,6
1078,112.9624129,-133.7500969,30.06659919,TREES,,,,,,,,,0,0,0,0,0,0,0,0,0,14
1079,111.3672127,-133.4023261,30.47256728,TREES,,,,,,,,,0,0,0,0,0,0,0,0,0,31
1080,112.5189924,-131.1550108,31.72218523,TREES,,,,,,,,,0,0,0,0,,,0,0,,0
1081,128.0579351,-150.6833095,33.70630729,ROCKS,,,,,,,,,1,1,1,1,1,1,1,1,1,3
1082,127.9322972,-150.2966356,33.56631298,ROCKS,,,,,,,,,0,0,0,0,0,0,0,0,0,14
1083,127.9117706,-149.8543694,33.58801015,ROCKS,,,,,,,,,0,0,0,0,0,0,0,0,0,14
1084,127.4134848,-148.8116899,33.35727445,ROCKS,,,,,,,,,0,0,0,0,0,0,0,0,0,23
1085,129.8574891,-153.5865212,33.50087133,TREES,,,,,,,,,1,1,,,,,,,,1
1086,131.3381082,-154.4072417,35.59139396,TREES,,,,,,,,,0,0,0,0,0,0,0,0,0,11
1087,131.8964845,-154.6936053,35.90346626,TREES,,,,,,,,,0,0,0,0,0,0,0,0,0,3
1088,133.5205778,-155.7875269,37.15076936,TREES,,,,,,,,,0,0,0,0,0,0,0,0,,11
1089,128.0725803,-150.9627554,33.69653543,ROCKS,,,,,,,,,1,1,1,1,1,1,1,1,1,51
1090,126.4387748,-150.6303539,33.07316629,ROCKS,,,,,,,,,0,0,0,0,0,0,0,0,0,24
1091,126.4771786,-151.2584456,33.04097389,ROCKS,,,,,,,,,0,0,0,0,0,0,0,0,0,15
1092,125.6184287,-151.091372,32.6785975,ROCKS,,,,,,,,,0,0,0,0,0,0,0,,0,24
1093,128.0455222,-151.9960631,33.32031327,ROCKS,,,,,,,,,1,1,0,1,0,1,1,1,1,21
1094,128.1352657,-151.7944957,33.49269849,ROCKS,,,,,,,,,0,0,0,0,0,0,0,0,0,20
1095,128.5773787,-152.4920274,33.25668958,ROCKS,,,,,,,,,0,0,0,0,0,0,0,0,0,25
1096,129.346291,-152.3567982,33.48605558,ROCKS,,,,,,,,,0,0,0,0,0,0,0,0,0,26
1097,141.3811947,-155.9250446,39.25123999,TREES,,,,,,,,,1,1,1,1,1,1,1,1,1,46
1098,138.7655547,-154.7053516,39.09998907,TREES,,,,,,,,,0,0,0,0,0,0,0,0,0,18
1099,137.6961435,-156.5748185,38.79179256,TREES,,,,,,,,,0,0,0,0,0,0,0,0,0,13
1100,136.3289486,-155.3940321,38.53728198,TREES,,,,,,,,,0,0,0,0,0,0,0,0,0,23
1101,160.0021493,-184.3759483,44.59240966,ROCKS,,,,,,,,,1,,1,1,1,1,1,0,1,3
1102,158.8253597,-183.3529808,43.79792628,ROCKS,,,,,,,,,0,,0,0,0,0,0,0,0,0
1103,157.8815314,-182.9455735,43.45354706,ROCKS,,,,,,,,,0,,0,0,0,0,0,0,0,0
1104,159.3369617,-181.4947044,43.15016858,ROCKS,,,,,,,,,0,,0,0,0,0,0,0,0,0
1105,162.131676,-172.3274358,43.21732484,TREES,,,,,,,,,1,1,1,1,1,1,1,,,11
1106,160.4669133,-169.5568053,44.20554121,TREES,,,,,,,,,0,0,0,0,0,,0,0,,6
1107,159.7020845,-167.5590939,45.0600406,TREES,,,,,,,,,0,0,0,0,0,0,0,0,0,30
1108,165.7469177,-170.8667833,45.94754868,TREES,,,,,,,,,0,0,0,0,0,0,0,0,0,46
1109,168.3087776,-173.1281237,45.787925,ROCKS,,,,,,,,,1,1,1,1,1,0,1,1,1,304
1110,171.5981037,-173.3869993,45.73033206,ROCKS,,,,,,,,,0,0,0,0,0,0,0,0,0,47
1111,172.3450667,-172.8458789,45.96458352,ROCKS,,,,,,,,,0,0,0,1,0,0,0,0,0,48
1112,173.5048184,-173.3095734,45.87867751,ROCKS,,,,,,,,,0,0,0,0,0,0,0,0,0,20
1113,165.0341148,-179.6740252,43.83948816,ROCKS,,,,,,,,,1,1,1,1,1,,1,1,1,5
1114,166.7354768,-180.4137985,44.37146826,ROCKS,,,,,,,,,0,0,0,0,0,0,0,0,0,3
1115,167.747157,-180.9391376,44.15411884,ROCKS,,,,,,,,,0,0,0,0,0,0,0,,0,0
1116,168.3125132,-181.4912711,44.39968583,ROCKS,,,,,,,,,0,0,0,0,0,0,0,0,0,1
1117,175.2562357,-186.2419616,47.3701365,ROCKS,,,,,,,,,1,1,1,1,1,1,1,0,1,399
1118,177.1912914,-185.9354789,46.73356149,ROCKS,,,,,,,,,0,0,0,0,0,0,0,0,0,23
1119,177.7724308,-187.1827284,47.51092022,ROCKS,,,,,,,,,0,0,0,0,0,0,0,0,0,6
1120,177.3277471,-183.8589603,46.34420007,ROCKS,,,,,,,,,0,0,0,0,0,0,0,0,0,8
1121,183.3227721,-192.6096297,49.1316735,TREES,,,,,,,,,1,1,1,1,1,1,1,1,1,42
1122,186.3534128,-189.1841135,49.37137218,TREES,,,,,,,,,0,0,0,0,0,0,0,0,,6
1123,189.4377834,-187.9174165,50.77001763,TREES,,,,,,,,,0,0,0,0,0,0,0,0,0,37
1124,187.3776896,-186.3656044,50.44445373,TREES,,,,,,,,,0,0,0,0,0,0,0,0,0,8
1125,184.1169257,-192.7784323,48.53090249,TREES,,,,,,,,,1,1,,1,1,1,1,1,,32
1126,185.6178314,-191.8586761,48.34588711,TREES,,,,,,,,,0,0,1,0,0,0,0,0,1,1
1127,187.9203691,-190.7561055,49.13630548,TREES,,,,,,,,,0,0,0,0,0,0,0,0,0,29
1128,189.6605711,-189.5778071,49.65961564,TREES,,,,,,,,,0,0,0,0,0,0,0,0,0,68
1129,184.6899428,-196.0281741,48.55970006,TREES,,,,,,,,,1,1,1,1,,1,1,1,,12
1130,185.2396078,-195.4589794,49.32382426,TREES,,,,,,,,,0,0,0,0,,0,0,0,0,8
1131,188.6904202,-193.9010826,49.60572246,TREES,,,,,,,,,0,0,0,0,,0,0,0,0,28
1132,190.1679104,-194.3533914,50.31100657,TREES,,,,,,,,,0,0,0,0,,0,0,,0,34
1137,41.58095306,-20.99083798,8.682158896,ROCKS,,,,,,,,,1,1,1,0,1,1,,1,1,76
1138,40.69988877,-19.88318837,8.249448773,ROCKS,,,,,,,,,0,0,0,0,0,0,,0,0,33
1139,40.56626079,-19.08247938,8.397611797,ROCKS,,,,,,,,,0,0,0,0,0,0,,0,0,21
1140,39.86546256,-18.39901456,8.410232978,ROCKS,,,,,,,,,0,0,0,0,0,0,,0,0,61
1165,86.59304884,-97.84301258,23.63498229,ROCKS,,,,,,,,,1,1,1,1,1,1,1,1,0,14
1166,86.18695058,-98.42298099,22.72876992,ROCKS,,,,,,,,,0,0,0,0,0,0,0,0,0,5
1167,85.05684725,-97.9235215,22.24988193,ROCKS,,,,,,,,,0,0,0,0,0,0,0,0,0,7
1168,84.32065853,-96.9249073,22.21998229,ROCKS,,,,,,,,,0,0,0,0,0,0,0,0,0,3
1169,87.57998683,-96.78465116,24.16169331,ROCKS,,,,,,,,,1,1,1,1,1,1,1,1,1,24
1170,88.85879721,-97.27554047,24.13778351,ROCKS,,,,,,,,,0,0,0,0,0,0,0,0,0,34
1171,89.12559973,-98.56267541,23.70375172,ROCKS,,,,,,,,,0,0,0,0,0,0,0,0,0,28
1172,90.30422825,-98.35749268,23.99683505,ROCKS,,,,,,,,,0,0,0,0,0,0,0,0,0,21
1177,40.86359417,-23.13479771,9.245836912,TREES,,,,,,,,,1,1,1,1,1,1,,,,208
1178,36.56458408,-28.0802431,11.374964,TREES,,,,,,,,,0,0,0,0,0,0,0,0,0,18
1179,34.16479488,-27.1598424,11.41314014,TREES,,,,,,,,,0,0,0,0,0,0,0,0,0,19
1180,34.4580555,-29.88482705,11.47990904,TREES,,,,,,,,,0,0,0,0,0,0,0,0,0,33
